Date,Open,High,Low,Close,Volume,is_outlier,data_quality
2023-11-30,294.92766209932387,340.5028810237624,292.2554866367085,298.2926025390625,38028100.0,0,1
2023-12-01,301.8554987445968,304.13177403100025,274.6390193495921,277.6575622558594,9394355.0,1,0
2023-12-04,278.59779771635107,282.0122410661679,266.62253997996083,269.64111328125,4705188.0,1,0
2023-12-05,269.64111328125,280.52770573197773,268.70089548841673,269.64111328125,2539531.0,0,1
2023-12-06,271.66995288482406,273.2534632045236,266.6720295850617,268.0080871582031,1219061.0,0,1
2023-12-07,269.09675070730475,273.84728163668564,267.21634542821414,268.94830322265625,1174480.0,0,1
2023-12-08,272.16480377848205,275.43076934264474,268.1070679361042,269.2947082519531,1095017.0,0,1
2023-12-11,271.6699517791595,310.6142660256138,270.6802616087436,295.4225158691406,16052141.0,1,0
2023-12-12,300.37093956848173,316.5028758067974,299.18329939016337,301.3111572265625,8651220.0,1,0
2023-12-13,307.79365700671855,311.20810033122,301.8555157139844,305.7153015136719,2507953.0,0,1
2023-12-14,310.7626993647605,311.15856937431755,301.8554882364712,303.3894958496094,3496389.0,0,1
2023-12-15,304.9235392901643,310.2678600251275,301.11322619663486,306.5070495605469,2630017.0,0,1
2023-12-18,278.64727315331965,291.8596438107824,278.64727315331965,288.2967529296875,3322105.0,1,0
2023-12-19,293.9379810141076,300.8658122164603,286.02045963999024,287.6534423828125,3527214.0,0,1
2023-12-20,290.474045191345,290.919417818813,270.2348705065451,274.2431335449219,3255141.0,0,1
2023-12-21,269.8885059378782,281.4678621399959,267.9585981360526,277.8554992675781,2410973.0,0,1
2023-12-22,280.7751087400513,283.69467657226176,274.2431476837815,278.5977783203125,994618.0,0,1
2023-12-25,280.7751087400513,283.69467657226176,274.2431476837815,278.5977783203125,994618.0,0,1
2023-12-26,280.08230051389705,283.64519094264875,275.6781674529068,276.9647827148437,533474.0,0,1
2023-12-27,278.1524196728438,280.9730427940204,273.20396865427017,274.7380065917969,906314.0,0,1
2023-12-28,276.9152850376649,277.5091051535625,269.6905592025903,270.0369567871094,909812.0,0,1
2023-12-29,270.5317952929906,273.00602054680803,267.71117246304965,270.13592529296875,774226.0,0,1
2024-01-01,273.10498203523457,278.9441473036835,270.680229325728,272.1647644042969,893863.0,0,1
2024-01-02,273.8967499876569,275.92560272120164,267.6122114721927,268.55242919921875,795520.0,0,1
2024-01-03,269.3936733251884,270.8287059337797,268.0080829404151,269.4431457519531,535764.0,0,1
2024-01-04,269.69057686547126,271.57098218651254,267.2658238179788,268.40399169921875,621021.0,0,1
2024-01-05,270.7792182767651,270.7792182767651,260.83281461781394,262.81219482421875,1289557.0,0,1
2024-01-08,263.30706770288884,265.63284573179857,254.64727838467576,256.923583984375,1389536.0,0,1
2024-01-09,258.4081115184559,260.3379892438029,253.55863568680653,254.3009033203125,750021.0,0,1
2024-01-10,255.2905977845717,255.636965190332,250.39161924000123,252.8658447265625,656800.0,0,1
2024-01-11,254.3008795085477,257.8637396534057,250.39159159028836,250.5400390625,1163842.0,0,1
2024-01-12,252.3215134720822,264.8905759919058,250.78749064177296,257.86376953125,1768739.0,0,1
2024-01-15,257.86376953125,257.86376953125,257.86376953125,257.86376953125,0.0,0,1
2024-01-16,257.26998407232617,257.81430161067027,253.0142980161007,255.2906036376953,463521.0,0,1
2024-01-17,254.30089938846012,257.9627348687039,250.39161116459312,252.07408142089844,814025.0,0,1
2024-01-18,252.0740699564348,253.80604276387248,246.432839305872,251.3318023681641,461838.0,0,1
2024-01-19,254.49882808733256,255.38954322393585,250.39161981086647,252.17306518554688,398038.0,0,1
2024-01-22,254.49882808733256,255.38954322393585,250.39161981086647,252.17306518554688,398038.0,0,1
2024-01-23,262.1194437724683,262.1194437724683,247.4720264481079,250.0452117919922,1043232.0,0,1
2024-01-24,252.32150254517825,253.7565502527515,246.4328491304285,248.21429443359372,576706.0,0,1
2024-01-25,253.0142859741136,253.0142859741136,246.92769746789904,248.1648101806641,630167.0,0,1
2024-01-26,253.0142859741136,253.0142859741136,246.92769746789904,248.1648101806641,630167.0,0,1
2024-01-29,249.25346534172309,251.8761381462719,244.45346216946623,245.34417724609372,599859.0,0,1
2024-01-30,245.938021027568,247.37306883419453,242.4741052384473,243.16688537597656,506289.0,0,1
2024-01-31,243.56275123169144,248.70913697610112,242.1771759649256,242.77099609375,622712.0,0,1
2024-02-01,244.4039771606357,244.94830975817067,240.98954919642244,241.88026428222656,442514.0,0,1
2024-02-02,243.958633290168,246.92770387787797,241.88027783818143,242.82049560546875,551274.0,0,1
2024-02-05,244.35448921387004,244.4534642683331,235.54625301968937,236.63491821289065,605163.0,0,1
2024-02-06,237.5256324585792,244.6019108849852,231.9833616606232,242.127685546875,1047858.0,0,1
2024-02-07,244.45347849871288,250.83697724488243,242.91945567407396,248.0658416748047,987009.0,0,1
2024-02-08,249.45140034747664,250.88644801603115,244.15655211009943,245.34417724609372,365599.0,0,1
2024-02-09,246.43284793300936,246.43284793300936,236.78336894768063,239.55450439453125,372457.0,0,1
2024-02-12,239.60400059027992,240.1978056422821,231.93390163216304,232.5771942138672,391178.0,0,1
2024-02-13,232.5771838481872,234.25965407275183,227.33182306450797,230.4493560791016,358864.0,0,1
2024-02-14,226.6885197038669,233.76479785575796,225.40191955766696,231.9833526611328,411827.0,0,1
2024-02-15,233.56688084653237,253.55863442389747,232.9235882746208,248.61016845703125,1779187.0,1,0
2024-02-16,250.39159332174236,264.0493045126595,249.59983822770323,259.1998291015625,2630105.0,1,0
2024-02-19,261.08024453734305,270.97714584964484,260.2885045135373,263.1585998535156,1740841.0,0,1
2024-02-20,264.4452204673468,267.7111858849495,259.3482920265885,260.3379821777344,664593.0,0,1
2024-02-21,261.5256277348721,261.5256277348721,251.77717350813893,253.41015625,422286.0,0,1
2024-02-22,253.60812036866065,266.22667074797937,250.0452295150868,261.8720397949219,840529.0,0,1
2024-02-23,263.35654954289794,268.45344767005355,259.4967640778163,260.88232421875,764840.0,0,1
2024-02-26,260.8823190008739,261.2287165799155,245.44314724639847,246.3338623046875,1288959.0,0,1
2024-02-27,246.4328341588705,247.7194343052956,236.04108814012287,236.78335571289065,1179408.0,0,1
2024-02-28,241.1874755507704,241.1874755507704,232.6761497092692,234.01222229003903,654429.0,0,1
2024-02-29,235.4967736975549,235.4967736975549,227.72771489865704,228.5194549560547,659267.0,0,1
2024-03-01,232.6266717626562,233.4678993256013,228.7668711336157,229.75656127929688,532870.0,0,1
2024-03-04,236.48647207845983,237.4266747553561,231.19163852884697,232.28028869628903,329716.0,0,1
2024-03-05,232.57717481551427,233.5668649211122,227.82665928834967,229.2122344970703,393587.0,0,1
2024-03-06,229.1132725947999,231.7854330129759,223.2246191488352,226.04522705078125,501311.0,0,1
2024-03-07,226.98545847659415,231.2906018817947,226.24319081002776,228.12359619140625,291815.0,0,1
2024-03-08,226.98545847659415,231.2906018817947,226.24319081002776,228.12359619140625,291815.0,0,1
2024-03-11,228.1235913870869,229.0637940579753,222.68029528023663,223.17514038085935,323214.0,0,1
2024-03-12,226.4906036093696,226.4906036093696,217.7318394805839,218.2266845703125,532438.0,0,1
2024-03-13,218.22668346897964,222.63080172504303,210.80400716051096,212.5359649658203,1105359.0,0,1
2024-03-14,212.8328723795428,220.20606106688072,209.71533930804893,218.9689483642578,413154.0,0,1
2024-03-15,217.0390550672269,222.9771960261033,215.25760975926931,216.69265747070312,351591.0,0,1
2024-03-18,217.03903198242188,222.0369697781779,215.25758686394315,217.03903198242188,299915.0,0,1
2024-03-19,217.8308050856049,220.7009004408837,213.03080188296065,214.71327209472656,326961.0,0,1
2024-03-20,216.79162534188632,217.38543035720875,209.517396867772,211.5462646484375,472602.0,0,1
2024-03-21,212.73390483544765,216.4947306045297,211.298857070021,213.3772125244141,577787.0,0,1
2024-03-22,215.0101916973408,217.53390467771936,210.3091633403218,212.28854370117188,578363.0,0,1
2024-03-25,215.0101916973408,217.53390467771936,210.3091633403218,212.28854370117188,578363.0,0,1
2024-03-26,214.66379624788289,215.7524614978653,207.93391503463312,209.5174102783203,700786.0,0,1
2024-03-27,210.80401082877037,212.486481134339,201.89679910361104,203.5792694091797,958704.0,0,1
2024-03-28,206.1524745551429,209.26999268802788,194.3751519500208,198.0370178222656,1264165.0,0,1
2024-03-29,206.1524745551429,209.26999268802788,194.3751519500208,198.0370178222656,1264165.0,0,1
2024-04-01,201.89680029608544,220.55246656011235,199.12566472270717,218.62255859375,1595931.0,1,0
2024-04-02,219.36481943543208,223.3730676313545,215.2576112837116,220.55245971679688,856013.0,1,0
2024-04-03,219.61223137953564,224.1648119678155,217.73182619390468,223.224609375,495634.0,0,1
2024-04-04,226.63905263183895,228.12358791108684,223.66998207334328,226.19369506835935,419520.0,0,1
2024-04-05,226.0947031080884,226.83697069222623,222.3338776614956,225.30294799804688,251711.0,0,1
2024-04-08,227.38130836495503,228.07408843869948,220.403989897553,221.3441925048828,324494.0,0,1
2024-04-09,221.3936873647598,223.07615762857145,216.49472405780364,217.58338928222656,340874.0,0,1
2024-04-10,218.0782370839834,221.69060019841268,217.5339044649872,218.2266845703125,297581.0,0,1
2024-04-11,218.0782370839834,221.69060019841268,217.5339044649872,218.2266845703125,297581.0,0,1
2024-04-12,218.22668513641932,221.6411132441094,216.74214986338248,217.53390502929688,284085.0,0,1
2024-04-15,210.80400731573792,219.4143088196072,207.142156687825,213.67410278320312,509032.0,0,1
2024-04-16,210.8040146315029,215.257620574422,209.86381195273705,214.0205078125,259044.0,0,1
2024-04-17,210.8040146315029,215.257620574422,209.86381195273705,214.0205078125,259044.0,0,1
2024-04-18,213.7730778413117,217.68235101302244,213.03081020991823,213.67410278320312,255252.0,0,1
2024-04-19,212.78338313613008,216.9895662911466,209.3194675967047,213.97100830078125,249833.0,0,1
2024-04-22,217.6328445204518,217.92975456743252,214.66377425358905,215.55450439453125,166826.0,0,1
2024-04-23,216.24730689404743,217.23699708578224,213.77308141471053,214.7627716064453,269445.0,0,1
2024-04-24,216.74215031164064,224.46173676769249,215.99988267358708,219.8101959228516,575318.0,0,1
2024-04-25,219.5132789673284,221.2452367351702,218.27616627601284,218.77101135253903,211447.0,0,1
2024-04-26,218.9194725458884,220.65143042220316,217.23700220062037,217.8802947998047,203795.0,0,1
2024-04-29,220.9483321651336,233.96275196092265,218.7710167945513,230.10296630859372,781794.0,0,1
2024-04-30,234.5070731640792,236.53594094984317,232.47820537831524,233.4678955078125,1097767.0,0,1
2024-05-01,234.5070731640792,236.53594094984317,232.47820537831524,233.4678955078125,1097767.0,0,1
2024-05-02,233.56688145412156,236.04110689325412,226.54007516639533,227.82667541503903,382559.0,0,1
2024-05-03,229.90502422249253,232.57718459972665,223.52152579313508,224.95657348632807,257044.0,0,1
2024-05-06,225.1545051444212,226.4411053369696,218.4246092231065,219.0679168701172,239749.0,0,1
2024-05-07,219.3648099082949,220.70089761606644,212.78337662535557,214.06997680664065,273876.0,0,1
2024-05-08,215.7524564633811,228.66791616646077,215.7029689347232,224.65966796875,760317.0,0,1
2024-05-09,226.4411013243613,226.49058885040407,215.75244506244124,216.8411102294922,257108.0,0,1
2024-05-10,217.92978621228536,220.948344442205,215.20813807245975,217.13803100585935,181044.0,0,1
2024-05-13,216.29678599455136,217.53389868600783,211.99162778769335,215.80194091796875,210075.0,0,1
2024-05-14,216.2472929092904,222.38336868092992,216.2472929092904,220.45347595214844,170393.0,0,1
2024-05-15,220.79987608170592,224.6596615837449,218.424610686897,219.9586334228516,208242.0,0,1
2024-05-16,222.68027895166188,224.85759421445024,220.99780875321056,221.59161376953125,208559.0,0,1
2024-05-17,221.6905949853842,222.92770768061516,219.8101897292225,222.18544006347656,267667.0,0,1
2024-05-20,221.6905949853842,222.92770768061516,219.8101897292225,222.18544006347656,267667.0,0,1
2024-05-21,225.5503690261661,225.5503690261661,222.5812987093593,224.4122314453125,234734.0,0,1
2024-05-22,225.64935322029615,234.55656453162365,222.77925783834655,223.81842041015625,980500.0,0,1
2024-05-23,207.83493633769987,211.3978270012213,202.4411279149448,204.321533203125,2595147.0,1,0
2024-05-24,205.8555506747484,207.8349309696979,203.77719532446213,204.17308044433597,622260.0,0,1
2024-05-27,204.17308476262005,207.48853776589877,202.93597205211157,205.7071075439453,368686.0,0,1
2024-05-28,202.93597668730283,205.7071122424312,201.74835147838328,202.44113159179688,424321.0,0,1
2024-05-29,202.78751538463956,203.38133554360465,200.2638174627229,202.19371032714844,182671.0,0,1
2024-05-30,202.6885439399838,203.38132401853576,197.98751576923905,198.48236083984372,299670.0,0,1
2024-05-31,198.92773109741165,202.68855689467244,197.4926833212326,198.9772186279297,241511.0,0,1
2024-06-03,205.2617503878488,205.311237920301,196.94835838601395,197.49269104003903,532539.0,0,1
2024-06-04,197.9380479466328,198.7792906909958,180.56898121902083,187.6947479248047,653904.0,1,0
2024-06-05,191.8514452182354,192.9895828715036,183.191656243232,189.72360229492188,310096.0,0,1
2024-06-06,190.76277978723607,199.86792630801827,190.76277978723607,198.6308135986328,390456.0,0,1
2024-06-07,200.9071063362753,201.8473089860272,197.938035799286,199.96690368652344,266363.0,0,1
2024-06-10,199.9767947873878,204.95493517055087,199.9767947873878,202.1640167236328,329656.0,0,1
2024-06-11,204.0741037647854,204.8163713694838,202.4114315789681,203.2823486328125,185769.0,0,1
2024-06-12,203.28235234796176,204.84606460928129,202.886482325477,204.0048370361328,253029.0,0,1
2024-06-13,204.618429432039,204.865851958559,201.31286810208525,203.34173583984372,204788.0,0,1
2024-06-14,203.66833399155644,215.267504023506,201.94628275603304,212.13018798828125,1257379.0,0,1
2024-06-17,203.66833399155644,215.267504023506,201.94628275603304,212.13018798828125,1257379.0,0,1
2024-06-18,213.8225539688436,219.067914637957,212.33801878521564,215.90089416503903,641032.0,0,1
2024-06-19,218.07824033441705,218.91946793860987,211.793701560604,213.70379638671875,390759.0,0,1
2024-06-20,213.7730623508461,215.72275306281185,210.4081220396162,211.80357360839844,245999.0,0,1
2024-06-21,211.8035854854469,215.2675010418551,211.3186469724927,212.21925354003903,288982.0,0,1
2024-06-24,212.0906066711244,212.21925612435572,206.1821551419825,207.2510223388672,406752.0,0,1
2024-06-25,207.8349223351355,213.77306297328224,207.8349223351355,210.01223754882807,356203.0,0,1
2024-06-26,209.82420598493735,212.2885399269131,208.09224819998587,210.06173706054688,209418.0,0,1
2024-06-27,210.06173379355144,211.1009114686552,205.95452572227623,207.14215087890625,318645.0,0,1
2024-06-28,207.14213897312135,208.6464721391748,206.3503838803842,206.7264709472656,191612.0,0,1
2024-07-01,205.85555402805767,220.6019314250551,205.1132864053604,214.5351409912109,563946.0,0,1
2024-07-02,219.71120511589285,224.3627456273312,217.73182488962357,219.7705841064453,2011625.0,0,1
2024-07-03,219.7705918908348,221.38379166485595,215.99987484246665,217.1875,372359.0,0,1
2024-07-04,220.45348066234635,220.45348066234635,215.20811985300367,216.0889434814453,393968.0,0,1
2024-07-05,216.71246521268264,217.1479313187482,212.69432540003535,213.90174865722656,314027.0,0,1
2024-07-08,213.90173994955444,218.6225511581504,212.2885401499759,213.80276489257807,307030.0,0,1
2024-07-09,214.2580346093173,215.04977467991532,212.1104087097987,212.48648071289065,171326.0,0,1
2024-07-10,213.5256402219682,213.5256402219682,205.85554190576767,208.1417236328125,452780.0,0,1
2024-07-11,208.5772002475965,209.7153378857011,206.84524247567103,207.30050659179688,226082.0,0,1
2024-07-12,207.83493071142965,212.11039939191477,206.9541070853306,208.6068878173828,309128.0,0,1
2024-07-15,210.615954468959,210.615954468959,205.86543881744907,206.825439453125,216638.0,0,1
2024-07-16,208.81471560392905,208.81471560392905,205.281514766438,205.7961578369141,315673.0,0,1
2024-07-17,208.81471560392905,208.81471560392905,205.281514766438,205.7961578369141,315673.0,0,1
2024-07-18,205.6081300276129,205.6081300276129,201.89679194047187,202.50050354003903,278665.0,0,1
2024-07-19,202.8864845467073,204.7668898263069,201.481126319585,202.3718414306641,262432.0,0,1
2024-07-22,202.37182473649435,203.38131285352264,198.92770746256957,201.11492919921875,181775.0,0,1
2024-07-23,200.11534778715423,203.6287508834452,195.9586521259886,200.382568359375,221648.0,0,1
2024-07-24,200.38256955919124,206.48895608467487,200.38256955919124,205.3409118652344,192924.0,0,1
2024-07-25,204.8658725781964,209.80443214112896,202.88649216681284,207.597412109375,272886.0,0,1
2024-07-26,210.30915866233528,213.47616414895575,209.31946850392427,210.34873962402344,447411.0,0,1
2024-07-29,213.2782257669604,213.2782257669604,207.35988294160757,208.1615295410156,248700.0,0,1
2024-07-30,208.1615373126229,212.2687455178702,208.1615373126229,211.15040588378903,275830.0,0,1
2024-07-31,210.8040015844264,212.4270928235527,210.50709151964665,211.24935913085935,156428.0,0,1
2024-08-01,211.2493785585117,211.74422367816223,207.04319504148228,207.5380401611328,192381.0,0,1
2024-08-02,203.03493751014744,210.79412011784413,203.03493751014744,208.4980316162109,229818.0,0,1
2024-08-05,200.9071004338905,204.66792602388355,199.0266951896305,200.14503479003903,359238.0,0,1
2024-08-06,202.12441449577832,204.15328231744684,199.70956812083412,201.5701904296875,164258.0,0,1
2024-08-07,201.99577283178843,222.6802916610473,199.0267022763078,213.8720550537109,3475258.0,1,0
2024-08-08,212.86255861818117,213.47616167681872,206.44937069435767,207.50833129882807,383315.0,0,1
2024-08-09,209.814304994318,211.2097716849072,206.05347952601207,206.5483245849609,274749.0,0,1
2024-08-12,205.85555436598796,206.53844299622625,203.4803040100467,204.5293731689453,168728.0,0,1
2024-08-13,204.5491474510671,213.11986754387445,204.5491474510671,207.3994598388672,565694.0,0,1
2024-08-14,207.3994670996201,209.41844347881752,203.8761725532845,205.5091552734375,253491.0,0,1
2024-08-15,207.3994670996201,209.41844347881752,203.8761725532845,205.5091552734375,253491.0,0,1
2024-08-16,207.7854477887528,207.7854477887528,204.1730847154912,205.3409118652344,166775.0,0,1
2024-08-19,205.45968572029992,207.62709451145213,205.0044215965925,206.1524658203125,198757.0,0,1
2024-08-20,208.52772042625844,208.82463050414205,204.86586973629105,205.4497833251953,197296.0,0,1
2024-08-21,205.8555680772166,220.2060764287533,205.60814551943147,217.09844970703125,2208432.0,0,1
2024-08-22,218.7215310201228,222.6802917625685,216.10874953416763,217.24688720703125,719241.0,0,1
2024-08-23,217.24686794798265,217.24686794798265,213.2691556565396,214.18174743652344,356608.0,0,1
2024-08-26,215.94742531927037,216.14581221247215,211.3348657245412,211.7217254638672,340821.0,0,1
2024-08-27,212.773195998778,214.49919380687095,212.27722118293,212.74343872070312,160803.0,0,1
2024-08-28,214.26110563135197,230.08269813573648,212.80293856270708,222.41493225097656,5457959.0,0,1
2024-08-29,222.6926794611514,228.04920110873255,218.89351077474305,222.09750366210935,1075513.0,0,1
2024-08-30,223.58543240248483,231.0250543564621,221.20475943159195,222.68276977539065,1011665.0,0,1
2024-09-02,226.16451078519884,228.14841000261285,221.0658904018828,226.50177001953125,875499.0,0,1
2024-09-03,228.14841633929487,228.89237856648825,222.19671852174804,223.78384399414065,482898.0,0,1
2024-09-04,218.724896700136,222.91092541248403,218.6653821431941,220.768310546875,360764.0,0,1
2024-09-05,222.39510257833444,224.7658615732408,218.4273040840343,220.07394409179688,379021.0,0,1
2024-09-06,220.21281615729964,223.248179579878,214.3603194399316,214.89596557617188,490931.0,0,1
2024-09-09,215.17371865803176,216.13591104012357,210.30324218966211,213.1898193359375,315514.0,0,1
2024-09-10,214.85628209797488,218.17930406324768,210.7892828220867,214.3999786376953,242969.0,0,1
2024-09-11,216.0367046333515,217.3262421877518,212.2772221715336,212.6739959716797,160101.0,0,1
2024-09-12,214.55870363517352,214.65788951458745,211.85068543838145,213.4873962402344,184080.0,0,1
2024-09-13,214.7471759594487,217.6833383212821,213.0906219313701,214.24127197265625,243198.0,0,1
2024-09-16,214.31071538723555,220.74845864267945,214.31071538723555,216.43348693847656,349272.0,0,1
2024-09-17,218.10989472745405,218.10989472745405,211.4836631691812,212.57481384277344,232971.0,0,1
2024-09-18,213.4179405504224,213.923844510116,205.0458990264391,206.3056640625,462311.0,0,1
2024-09-19,207.26787851403407,209.3013783450505,202.3577307222289,204.84751892089844,437940.0,0,1
2024-09-20,205.4327609100929,209.4303164450814,204.49039671483945,206.74212646484372,251129.0,0,1
2024-09-23,207.7142502587957,209.79735057419623,206.81158758234253,208.0415954589844,231798.0,0,1
2024-09-24,208.65660074997385,209.79733671556048,206.3255131765323,206.93060302734372,209828.0,0,1
2024-09-25,208.29950113045516,212.27721356180692,205.779940680272,208.62684631347656,288023.0,0,1
2024-09-26,208.30941967567287,209.79734410192768,204.3416212056601,205.58155822753903,178684.0,0,1
2024-09-27,205.8493747184397,213.1699521001712,204.37136444097183,210.00564575195312,367930.0,0,1
2024-09-30,211.1860793830486,211.29519445254545,204.3416326919228,205.39309692382807,341385.0,0,1
2024-10-01,206.77189474135287,208.20030461230957,204.47057949943948,205.58155822753903,171844.0,0,1
2024-10-02,206.77189474135287,208.20030461230957,204.47057949943948,205.58155822753903,171844.0,0,1
2024-10-03,203.3496820355149,206.4544893413175,202.556119273552,205.4625396728516,300292.0,0,1
2024-10-04,205.3335737610585,215.25307007801783,202.7049132914443,212.74343872070312,719186.0,0,1
2024-10-07,213.96352176810825,220.7782256875529,208.30941217901068,210.56114196777344,1260828.0,0,1
2024-10-08,207.337308089369,220.75838486676275,207.337308089369,219.51844787597656,696446.0,0,1
2024-10-09,219.51845042281147,231.96742098192664,216.7806598283842,225.99588012695312,2242588.0,0,1
2024-10-10,229.1403471605813,234.10009493461988,226.84894611072733,229.0609893798828,937113.0,0,1
2024-10-11,231.04489478031095,234.54647559324616,229.14035339953784,233.71324157714844,1242048.0,0,1
2024-10-14,234.69528103558457,238.0679036157613,228.545181416751,230.558837890625,1248340.0,0,1
2024-10-15,230.72748406351505,243.02765310506493,228.1484090374079,241.8869171142578,4167152.0,0,1
2024-10-16,246.003508292549,251.1616433424608,241.19254653164128,242.62095642089844,4166970.0,0,1
2024-10-17,244.26758199577452,246.697855418898,238.46467094778964,240.5378570556641,2011596.0,0,1
2024-10-18,240.05181312300795,244.813174427018,233.60414045648088,242.59120178222656,1394718.0,0,1
2024-10-21,242.5911813647324,243.325229486237,226.1644991139941,229.7454376220703,938967.0,0,1
2024-10-22,228.59478451649343,228.99157344192307,216.6814751535472,220.28225708007807,1231714.0,0,1
2024-10-23,218.92327421572432,226.5513690796965,218.27851302856416,219.9549102783203,551025.0,0,1
2024-10-24,221.19483683815128,229.91406677150448,218.4570463778616,225.71812438964844,912975.0,0,1
2024-10-25,225.19240926569077,225.67845489743664,213.90401763153224,217.23696899414065,746921.0,0,1
2024-10-28,216.04662631281576,220.80798742894515,213.26916440041117,218.8042449951172,518446.0,0,1
2024-10-29,221.00637687435784,221.00637687435784,215.2530660899256,216.7608337402344,288308.0,0,1
2024-10-30,216.245025077328,219.05224442102207,215.749050249169,216.9989013671875,522479.0,0,1
2024-10-31,217.2270547714816,226.9580782132581,215.36218462487523,224.0318298339844,740324.0,0,1
2024-11-01,227.4540519014716,227.4540519014716,223.387052387063,224.96424865722656,140490.0,0,1
2024-11-04,225.66853380794328,225.8173201934368,217.24687626216868,218.1197967529297,341351.0,0,1
2024-11-05,215.84824873436077,219.30022925974285,214.9158136466198,216.45333862304688,298262.0,0,1
2024-11-06,216.54260322163,227.1564610376856,213.5270679264825,220.391357421875,2130348.0,0,1
2024-11-07,216.24501127175395,218.12970944405453,212.72358718945063,214.73724365234372,1034055.0,0,1
2024-11-08,216.2450159961596,217.23696561082087,212.8723933606912,213.9932861328125,393106.0,0,1
2024-11-11,214.2214495792064,214.74718167425408,210.3329936950027,212.56488037109372,456494.0,0,1
2024-11-12,213.2592463458417,214.8661998271576,207.4166639061021,208.08126831054688,564896.0,0,1
2024-11-13,208.3590189248598,208.8549937306148,201.1078696864739,202.7743377685547,442364.0,0,1
2024-11-14,204.3416139720381,208.3094123015922,202.1593279179732,206.06761169433597,261358.0,0,1
2024-11-15,204.3416139720381,208.3094123015922,202.1593279179732,206.06761169433597,261358.0,0,1
2024-11-18,207.9622301810396,207.9622301810396,202.73466662168207,206.226318359375,189717.0,0,1
2024-11-19,207.31746073283736,210.18419439303528,205.3335615870686,207.64480590820312,178735.0,0,1
2024-11-20,207.31746073283736,210.18419439303528,205.3335615870686,207.64480590820312,178735.0,0,1
2024-11-21,205.33356376003667,206.365184666936,201.08802075403844,203.3000640869141,301304.0,0,1
2024-11-22,203.4389490819013,206.8215010043365,203.2108049015933,203.90516662597656,119049.0,0,1
2024-11-25,206.3255267815981,208.73595716095377,203.95476772834368,205.1649475097656,156700.0,0,1
2024-11-26,205.16494437304172,207.0198853429162,204.27218062193117,205.66091918945312,93086.0,0,1
2024-11-27,206.275921025531,218.17931649863823,205.45260102232703,216.9096221923828,528545.0,0,1
2024-11-28,216.7409937263458,223.93262852962275,216.5029203666746,220.00450134277344,722952.0,0,1
2024-11-29,220.41120551433596,224.8749788646369,220.21281861484596,221.0857391357422,297205.0,0,1
2024-12-02,220.70877981819373,227.9500147225648,220.70877981819373,226.48193359375,689635.0,0,1
2024-12-03,227.1564730579713,231.78887617257743,227.1564730579713,228.54519653320312,432435.0,0,1
2024-12-04,229.33875434086755,237.57193940159948,228.62454938732284,235.79635620117188,1188862.0,0,1
2024-12-05,237.07596067590697,240.54778436781356,230.13231329209376,231.58056640625,889340.0,0,1
2024-12-06,231.580560407994,240.44857712285773,227.2655735911513,236.88748168945312,969273.0,0,1
2024-12-09,238.067901736842,240.44857469983052,233.39581250543864,239.21856689453125,583817.0,0,1
2024-12-10,239.3078401663008,242.43247534103529,235.64754373330047,237.8199157714844,600589.0,0,1
2024-12-11,238.56387764143653,240.04188798720065,232.31459216459567,232.9296112060547,290633.0,0,1
2024-12-12,232.9296141186095,235.67730363373892,228.79317093533987,230.1323089599609,327982.0,0,1
2024-12-13,230.4794942860038,235.97488837851307,228.14840668505923,230.3406219482422,723061.0,0,1
2024-12-16,228.455914474974,231.57063567517065,223.19857846375092,223.88302612304688,258335.0,0,1
2024-12-17,224.0119720989972,229.92398303076007,221.4527404047693,222.2363739013672,383178.0,0,1
2024-12-18,222.2562329990644,226.84896465680745,220.2227332182696,223.4961700439453,299131.0,0,1
2024-12-19,222.15704825761912,228.1385033819581,221.19485589497552,224.0020751953125,551046.0,0,1
2024-12-20,226.1446582448,226.1446582448,216.86000968410443,217.56430053710935,288062.0,0,1
2024-12-23,220.80797725438757,220.80797725438757,210.8388811878443,213.9635162353516,293849.0,0,1
2024-12-24,213.36836570298576,218.2289127042924,211.7613970533538,215.74903869628903,231194.0,0,1
2024-12-25,213.36836570298576,218.2289127042924,211.7613970533538,215.74903869628903,231194.0,0,1
2024-12-26,215.25306657569476,217.7428546617988,212.76327848959068,216.29461669921875,211946.0,0,1
2024-12-27,218.228907707254,218.228907707254,212.27721022432888,214.1916656494141,132732.0,0,1
2024-12-30,213.2691546419024,214.5785353217036,209.75765987180213,210.33297729492188,165166.0,0,1
2024-12-31,210.3131608821022,212.5847188327684,209.41048310295,211.0075225830078,119773.0,0,1
2025-01-01,210.98768832020343,214.2611252046874,210.98768832020343,213.43780517578125,62813.0,0,1
2025-01-02,214.1718407932574,216.1358967542469,213.63617953556505,214.8463592529297,111544.0,0,1
2025-01-03,214.31070716537369,221.21466768161312,214.31070716537369,217.56430053710935,209588.0,0,1
2025-01-06,216.24501617523228,217.5643109801383,206.90085261369907,208.34909057617188,235542.0,0,1
2025-01-07,209.85685528988176,211.03727773752163,207.31746673157235,210.2834014892578,118587.0,0,1
2025-01-08,211.23567453675832,211.23567453675832,205.66092235791268,208.0415954589844,155352.0,0,1
2025-01-09,207.3174763525332,209.97589414289797,203.90516714296905,204.8772735595703,120072.0,0,1
2025-01-10,205.33357487148828,206.0080933594332,198.3998414594945,199.8381805419922,206028.0,0,1
2025-01-13,198.00305523496863,199.38186453852848,189.46236879034296,190.5336761474609,324500.0,0,1
2025-01-14,193.3309755242847,198.3899246574292,190.55352868784072,197.2789459228516,142994.0,0,1
2025-01-15,199.77864085848688,199.77864085848688,193.45001278298773,194.422119140625,140707.0,0,1
2025-01-16,196.40603529044049,201.26658263466197,195.41408561725643,197.62612915039065,116365.0,0,1
2025-01-17,199.87783440599404,199.87783440599404,193.9459803326561,194.90817260742188,148737.0,0,1
2025-01-20,195.42398761803085,198.6875103177572,194.42212395881768,196.5548095703125,85393.0,0,1
2025-01-21,196.554812578899,199.4711469046724,191.743865968461,193.4698486328125,118251.0,0,1
2025-01-22,194.0055173430102,195.10658207685927,188.47043639468384,190.3948211669922,148665.0,0,1
2025-01-23,189.9583503103436,192.38862382759405,189.17471677828075,189.93850708007807,66992.0,0,1
2025-01-24,191.3371625958949,191.39667715165385,183.53052388921756,183.97689819335935,209944.0,0,1
2025-01-27,181.3779897720352,184.03640742536464,173.24399097208175,176.0908966064453,274559.0,0,1
2025-01-28,176.57694548308183,180.40587160167985,164.87195213710396,169.37539672851562,351312.0,0,1
2025-01-29,170.6153229490044,177.22171059814593,170.6153229490044,175.8925018310547,191696.0,0,1
2025-01-30,176.55712571956798,180.30669422959176,173.73997717726252,174.464111328125,149394.0,0,1
2025-01-31,175.57508437302786,180.43563150185597,174.76167841180634,178.72947692871094,120794.0,0,1
2025-02-03,178.28309594112835,178.34261049489945,172.59922901674622,173.68045043945312,95926.0,0,1
2025-02-04,174.58313466605472,176.55711987627774,173.4622267420243,174.98983764648438,87923.0,0,1
2025-02-05,174.98983288547356,176.56702911970137,172.41075786642386,174.29547119140625,252551.0,0,1
2025-02-06,175.33701304416962,177.12252542465004,173.41264345537718,174.85096740722656,127591.0,0,1
2025-02-07,174.85097588380165,175.88259690034084,170.6252605224818,171.13116455078125,674476.0,0,1
2025-02-10,169.72258009298542,171.1113034579747,164.47515831080918,165.2290496826172,185329.0,0,1
2025-02-11,164.7132270268826,165.4571891949029,155.98406789492137,157.2736053466797,259070.0,0,1
2025-02-12,157.51167336426957,158.42428033351928,150.08198040387904,155.03179931640625,264192.0,0,1
2025-02-13,157.32320969345386,157.7199834717073,151.75837193533488,152.9685516357422,143590.0,0,1
2025-02-14,153.80179054547173,155.28971496519068,145.79674990212786,147.44338989257812,288009.0,0,1
2025-02-17,147.00693380547025,152.21466942201184,144.17988640948928,146.59031677246094,188688.0,0,1
2025-02-18,146.80853887765883,147.88976029487318,139.91449227512084,145.2412567138672,285884.0,0,1
2025-02-19,145.80668377971008,151.17311985628746,145.22142198578874,149.57608032226562,127129.0,0,1
2025-02-20,149.734795493964,152.74040169957752,148.92140465788543,151.76829528808594,118029.0,0,1
2025-02-21,151.76828779097104,156.02374488686084,149.33801431431863,150.81600952148438,129894.0,0,1
2025-02-24,150.27044551690017,151.0739222452905,145.82650055403255,149.189208984375,549896.0,0,1
2025-02-25,149.52648141098305,151.12352080041256,145.41981085758562,145.98521423339844,120320.0,0,1
2025-02-26,149.52648141098305,151.12352080041256,145.41981085758562,145.98521423339844,120320.0,0,1
2025-02-27,146.7986289186246,147.4929906216784,141.95790995570678,142.37452697753906,107216.0,0,1
2025-02-28,141.0353805262967,142.30508988232484,134.75635316003704,136.7104949951172,292632.0,0,1
2025-03-03,136.93864546982232,138.76382910336204,127.44568052129232,130.3620147705078,525280.0,0,1
2025-03-04,129.15184335742302,135.03411274164085,129.0526574724922,132.10784912109375,209750.0,0,1
2025-03-05,130.9373482829055,136.88904593212848,130.9373482829055,135.3614501953125,431538.0,0,1
2025-03-06,136.39307023526337,140.0930380115795,136.39307023526337,137.73220825195312,229908.0,0,1
2025-03-07,139.3590170304372,150.96482534571612,138.89279946648756,147.7211456298828,725812.0,1,0
2025-03-10,147.46324648488877,150.67715383569325,139.48796239640455,140.39064025878906,293234.0,0,1
2025-03-11,141.60080540880656,141.6504059159996,134.0123970227145,135.43087768554688,343587.0,0,1
2025-03-12,135.06386594473457,138.02978566660715,132.97085160928376,135.83758544921875,363950.0,0,1
2025-03-13,136.88904538736955,137.77187992971966,134.17109802276536,135.25233459472656,232407.0,0,1
2025-03-14,136.88904538736955,137.77187992971966,134.17109802276536,135.25233459472656,232407.0,0,1
2025-03-17,136.8791312062581,137.3354195476374,132.23679919218978,133.23867797851562,294098.0,0,1
2025-03-18,133.23867797851562,133.23867797851562,133.23867797851562,133.23867797851562,0.0,0,1
2025-03-19,135.88718395944738,140.80724560093057,135.88718395944738,138.8531036376953,364289.0,0,1
2025-03-20,140.60884783541997,143.13832219933155,139.07132301532084,141.16433715820312,486395.0,0,1
2025-03-21,142.3348592824378,144.8444906605836,141.23379457667795,142.27532958984375,277876.0,0,1
2025-03-24,146.8085382323623,152.41304731996124,145.92570370924082,149.3380126953125,751247.0,0,1
2025-03-25,151.7186847563283,152.76023483924024,144.08067604155613,146.0645751953125,453850.0,0,1
2025-03-26,147.20531508846423,152.01627671927804,144.52705418650538,148.842041015625,630879.0,0,1
2025-03-27,148.79243423657897,149.6752687409447,143.04905293486462,145.0527801513672,445671.0,0,1
2025-03-28,145.16190989809374,148.82220657246552,139.66651543067272,140.34103393554688,432433.0,0,1
2025-03-31,145.16190989809374,148.82220657246552,139.66651543067272,140.34103393554688,432433.0,0,1
2025-04-01,139.26972359725258,149.9728687040195,139.26972359725258,148.0286407470703,294108.0,0,1
2025-04-02,147.8004804295753,148.7130721836991,143.5846949139666,145.04286193847656,189094.0,0,1
2025-04-03,143.85253185131455,147.78064369892078,143.85253185131455,146.35223388671875,142170.0,0,1
2025-04-04,146.21336576187545,149.0800995156571,143.64421991686362,144.92384338378906,155131.0,0,1
2025-04-07,132.69309912313398,137.68260428343163,130.25289650445205,135.3515167236328,412728.0,1,0
2025-04-08,135.5003330030665,142.49356617240403,133.96280796437946,136.39308166503906,188678.0,0,1
2025-04-09,136.39307844905926,137.2759130423097,132.4847943612032,135.16305541992188,120979.0,0,1
2025-04-10,136.39307844905926,137.2759130423097,132.4847943612032,135.16305541992188,120979.0,0,1
2025-04-11,137.4643745175038,139.5276314587887,135.77806325986165,138.22817993164062,140897.0,0,1
2025-04-14,137.4643745175038,139.5276314587887,135.77806325986165,138.22817993164062,140897.0,0,1
2025-04-15,141.8487885561952,142.7911376208122,139.33915735415383,142.21580505371094,164138.0,0,1
2025-04-16,142.85065929190085,147.30451853354046,142.85065929190085,146.51095581054688,206258.0,0,1
2025-04-17,146.5109516763093,148.19726295511768,145.12222830221995,147.36402893066406,114434.0,0,1
2025-04-18,146.5109516763093,148.19726295511768,145.12222830221995,147.36402893066406,114434.0,0,1
2025-04-21,148.78253327472683,151.05409131069533,146.82839125568495,150.26052856445312,331063.0,0,1
2025-04-22,154.64493865895133,160.67599412412392,153.95057695683195,157.40255737304688,800233.0,0,1
2025-04-23,158.76153819629715,161.40012779299775,152.96855610329197,158.44410705566406,317808.0,0,1
2025-04-24,157.92830552394662,159.09879880928213,154.64493957037757,155.03179931640625,145827.0,0,1
2025-04-25,155.34923250097248,155.5178621221289,147.11604752669774,151.15328979492188,219202.0,0,1
2025-04-28,148.79244513271644,150.78625844855276,146.2232992127196,147.81040954589844,162937.0,0,1
2025-04-29,148.7428314626771,151.36157765986167,145.41980956364586,148.24685668945312,115879.0,0,1
2025-04-30,148.24687186490743,148.24687186490743,142.1761448627131,144.2195587158203,132049.0,0,1
2025-05-01,148.24687186490743,148.24687186490743,142.1761448627131,144.2195587158203,132049.0,0,1
2025-05-02,153.03798157612232,153.03798157612232,144.41793721491604,144.77503967285156,140939.0,0,1
2025-05-05,144.31875973499947,145.50909628539733,143.4458392012642,144.2195587158203,90277.0,0,1
2025-05-06,144.82464583496275,145.98522508458643,140.82709004094218,141.6603240966797,133085.0,0,1
2025-05-07,137.19653801275632,142.83081925246134,137.19653801275632,141.5214385986328,104190.0,0,1
2025-05-08,141.52144468024036,143.93189002893664,138.9225416256509,139.3788299560547,113120.0,0,1
2025-05-09,135.00435409231343,141.79920014711226,135.00435409231343,140.4104766845703,85653.0,0,1
2025-05-12,144.82464925588488,149.78439751807272,144.82464925588488,148.06832885742188,241424.0,1,0
2025-05-13,147.0565281939041,153.7521879936265,146.12409314819078,149.59591674804688,174247.0,0,1
2025-05-14,151.81789468958502,151.81789468958502,149.6851938924046,150.9747314453125,78631.0,0,1
2025-05-15,152.76023777523557,156.91650900398903,151.0838405363398,155.13099670410156,290161.0,0,1
2025-05-16,156.72802887313682,158.6623274681155,155.24010454839186,156.7677001953125,129832.0,0,1
2025-05-19,156.7677041847543,166.64752861230133,156.7677041847543,164.3263702392578,571181.0,0,1
2025-05-20,164.4057406389101,166.22101031692102,162.23336848102895,162.91781616210938,314655.0,0,1
2025-05-21,162.91781187368866,165.6059868815499,161.2116573076582,162.9078826904297,279555.0,0,1
2025-05-22,163.17572180699682,165.4472799066801,160.5768184977088,163.50306701660156,430210.0,0,1
2025-05-23,162.183767393391,164.05855162204173,154.30768476917092,163.0963592529297,838265.0,0,1
2025-05-26,163.0963655292258,166.16148642583804,161.01328027053592,162.9674072265625,480167.0,0,1
2025-05-27,162.18376484904553,165.5563875438199,161.30093028191075,163.41378784179688,152537.0,0,1
2025-05-28,163.4236935425028,166.3995422868276,162.78884641581817,164.83226013183594,315191.0,0,1
2025-05-29,166.44915463551126,172.30165152802672,164.31645380210608,170.97244262695312,961661.0,0,1
2025-05-30,170.97244179520436,178.89812492519914,169.93089163846415,177.65818786621094,850705.0,0,1
2025-06-02,177.55898363331568,179.8702280857505,175.07910956022468,177.0034942626953,357140.0,0,1
2025-06-03,176.09090009136796,181.92355354169695,176.09090009136796,181.3482360839844,427528.0,0,1
2025-06-04,182.32035241769063,182.9353563697365,177.27133222878646,178.53109741210938,411805.0,0,1
2025-06-05,178.5509248308813,180.96135505084249,172.21236760482302,172.77777099609375,318825.0,0,1
2025-06-06,173.2439935682124,178.7890033989909,173.2439935682124,176.06114196777344,351467.0,0,1
2025-06-09,176.0611513737947,177.36060301233647,173.88877918712387,174.8608856201172,187400.0,0,1
2025-06-10,175.57508199311337,177.06300641678382,172.4008462498064,172.82737731933594,161634.0,0,1
2025-06-11,173.69038914458213,176.49759332434763,172.15286416542278,173.9185333251953,201480.0,0,1
2025-06-12,176.35871010786,176.35871010786,170.83355878852072,172.02389526367188,161302.0,0,1
2025-06-13,170.61534176950792,172.84722850777183,166.79632951854276,170.43679809570312,231318.0,0,1
2025-06-16,172.78771497496376,173.90862294255737,166.64754411240344,170.94268798828125,211253.0,0,1
2025-06-17,171.260100342484,173.59118806516787,169.12741465777782,170.466552734375,211138.0,0,1
2025-06-18,169.82175979505047,173.44238473118278,168.71078114345536,172.15284729003906,156274.0,0,1
2025-06-19,172.61906315520636,175.5651544993078,167.1534115038649,168.19496154785156,261249.0,0,1
2025-06-20,167.14350960018302,169.53411179741894,165.89365853816813,168.97862243652344,93105.0,0,1
2025-06-23,165.66550421071946,168.02634920146022,165.16952938987143,165.4671173095703,126623.0,0,1
2025-06-24,167.44110789944384,173.26384763887873,167.44110789944384,170.58558654785156,335630.0,0,1
2025-06-25,172.56947065724046,176.2694383743102,171.0220317251019,172.3115692138672,168977.0,0,1
2025-06-26,172.31156758865885,174.03755016471143,170.66492765908853,171.98422241210938,75683.0,0,1
2025-06-27,173.83916862945784,174.03755552367096,171.63703929100757,172.78770446777344,68299.0,0,1
2025-06-30,174.0970790325809,175.00967090165796,172.7579560758055,173.4919891357422,67094.0,0,1
2025-07-01,174.583131460925,177.0630054873586,173.59118185035155,175.19813537597656,171730.0,0,1
2025-07-02,177.0134064505525,177.0134064505525,171.16090975391722,172.07350158691406,101252.0,0,1
2025-07-03,172.07349927036665,172.81746147446313,169.51426747196075,169.91104125976562,83666.0,0,1
2025-07-04,170.61533452772986,174.3053883225777,169.2266111150237,173.2241668701172,115678.0,0,1
2025-07-07,175.5750917021433,175.5750917021433,169.6729941890637,170.18881225585938,97956.0,0,1
2025-07-08,172.1726954437235,172.42068283811548,167.79819417402103,169.2166748046875,96647.0,0,1
2025-07-09,170.91291726268304,170.91291726268304,166.60785967777153,167.6394805908203,114422.0,0,1
2025-07-10,170.16895889264694,170.16895889264694,166.69713525213922,168.40328979492188,67886.0,0,1
2025-07-11,169.52417029856466,170.29788972873789,165.7746022489717,168.19496154785156,117236.0,0,1
2025-07-14,168.63143863004078,169.62338826904102,166.20116504168027,168.8099822998047,117838.0,0,1
2025-07-15,170.36734841676713,170.9327669693452,167.68908745137915,168.66119384765625,68724.0,0,1
2025-07-16,167.35182211985978,171.84535255520507,167.35182211985978,169.94081115722656,143139.0,0,1
2025-07-17,169.94081734246447,170.50622075909243,167.12366889880107,168.66119384765625,158515.0,0,1
2025-07-18,170.02015723002708,170.04000046030828,166.87567878022924,167.540283203125,96055.0,0,1
2025-07-21,168.63143810890006,169.72258876280833,166.0523630010897,166.97488403320312,123694.0,0,1
2025-07-22,169.02820919832962,169.4150689447024,166.25076237101223,167.29229736328125,102271.0,0,1
2025-07-23,167.29230210922614,168.214823152717,165.24888825575124,167.12367248535156,94159.0,0,1
2025-07-24,168.53224075724208,168.53224075724208,166.05236661345717,166.8756866455078,81961.0,0,1
2025-07-25,166.05235455607382,167.8874673436038,163.6716816052858,166.092041015625,146946.0,0,1
2025-07-28,166.09203919924136,167.5898776080039,162.3622991115926,163.75103759765625,168915.0,0,1
2025-07-29,163.75103558268822,165.556375915622,161.5885776658916,164.46524047851562,151426.0,0,1
2025-07-30,166.4491508698333,167.5402863807954,164.1478204639638,165.89366149902344,106559.0,0,1
2025-07-31,165.6555944166803,165.6555944166803,160.69584608085154,162.31272888183594,209394.0,0,1
2025-08-01,164.4220945618302,165.1683370484951,159.14864461959655,161.5565185546875,149107.0,0,1
2025-08-04,160.3028321689053,163.12859999578427,158.77055431928105,162.2132110595703,93063.0,0,1
2025-08-05,162.2132201751599,162.84006874003927,158.80041172713368,159.10885620117188,232893.0,0,1
2025-08-06,159.8948868943466,163.5664023530466,158.4422100243426,161.6261749267578,145760.0,0,1
2025-08-07,160.8898710598987,160.8898710598987,157.20841130009887,158.9794921875,119962.0,0,1
2025-08-08,158.70090517863022,170.1432901915095,149.24850016799078,151.69618225097656,1481930.0,0,1
2025-08-11,151.69617565293987,152.6812059945054,145.9948722632146,149.25843811035156,158094.0,1,0
2025-08-12,150.24349133606125,151.57677430415544,148.27341536959798,149.55694580078125,94009.0,0,1
2025-08-13,150.24348807318083,151.23847806042045,149.27834657097102,150.46238708496094,87965.0,0,1
2025-08-14,150.24348852351034,152.17377153371564,149.2484985332884,149.72608947753906,88385.0,0,1
2025-08-15,150.24348852351034,152.17377153371564,149.2484985332884,149.72608947753906,88385.0,0,1
2025-08-18,153.72594974856676,153.72594974856676,147.27841901987682,148.31320190429688,101139.0,0,1
2025-08-19,149.24849631102038,151.36782981698636,148.3231629214163,150.35293579101562,76053.0,0,1
2025-08-20,151.13896996625206,151.73597001959385,149.67633349967255,150.70118713378906,89671.0,0,1
2025-08-21,150.7011927248047,153.805556679733,150.7011927248047,152.15386962890625,123406.0,0,1
2025-08-22,152.33296738110894,152.91004819150868,149.24849246391793,149.606689453125,52324.0,0,1
2025-08-25,149.65645544276305,155.21844611823752,149.25845031766937,150.6912384033203,227016.0,0,1
2025-08-26,151.61658056897906,152.07426746538997,147.3082720610038,148.25350952148438,78620.0,0,1
2025-08-27,151.61658056897906,152.07426746538997,147.3082720610038,148.25350952148438,78620.0,0,1
2025-08-28,150.2434827570118,150.2434827570118,145.56703301892418,147.0794219970703,123521.0,0,1
2025-08-29,147.25852325819585,150.03453873938636,145.16903813902755,145.41778564453125,65011.0,0,1
2025-09-01,146.26352864394624,147.2585186347214,143.92529609268772,144.8804931640625,153746.0,0,1
2025-09-02,146.76102136833225,148.84054677311124,144.88049092216053,146.1043243408203,83169.0,0,1
2025-09-03,145.51728296459302,147.7460659607708,145.51728296459302,146.97991943359375,80675.0,0,1
2025-09-04,148.25350773315924,148.8106996954648,146.87047226159996,148.14405822753906,43959.0,0,1
2025-09-05,149.24849619526674,149.35794569977028,147.26846068009968,148.56195068359375,72941.0,0,1
2025-09-08,149.7459939748722,150.79073650418863,146.32322596912888,147.19882202148438,48790.0,0,1
2025-09-09,146.47248067635843,148.79079395410793,144.6814956876243,145.5769805908203,217743.0,0,1
2025-09-10,145.2784848603037,147.94506596294005,143.27856042008335,143.79595947265625,178057.0,0,1
2025-09-11,144.97003632479556,147.2585163038234,144.26360194463882,144.91033935546875,92656.0,0,1
2025-09-12,145.26853578258738,147.1590106547664,144.27354581147375,144.45263671875,70509.0,0,1
2025-09-15,143.52731020965592,146.96998235488093,143.52731020965592,146.15408325195312,67455.0,0,1
2025-09-16,144.87055059788204,150.2335461100214,144.87055059788204,147.97491455078125,151231.0,0,1
2025-09-17,147.5172117222454,151.238479782538,147.5172117222454,148.78085327148438,97497.0,0,1
2025-09-18,148.76094564205235,150.77082964187107,147.56696070895865,148.56195068359375,105614.0,0,1
2025-09-19,148.75100655255324,149.53704198052657,146.0446325097187,146.50233459472656,187949.0,0,1
2025-09-22,147.24858114765252,148.17391459520633,144.77105048808912,145.387939453125,99220.0,0,1
2025-09-23,146.661520843755,146.661520843755,144.02480340021148,144.25364685058594,92912.0,0,1
2025-09-24,145.24863529877385,145.26853934974065,142.78106436087523,143.47755432128906,70979.0,0,1
2025-09-25,144.1740374965743,144.3332395321315,141.29851715206752,141.7064666748047,72456.0,0,1
2025-09-26,141.7064701458074,142.78106113862725,139.30854066689483,139.5373992919922,74000.0,0,1
2025-09-29,140.22393294470248,146.11428708551426,139.2985995353137,141.01992797851562,169876.0,0,1
2025-09-30,142.08458073709022,144.2735557884463,139.34835812730935,142.3333282470703,67337.0,0,1
2025-10-01,140.90053560573568,142.6716166049554,139.7960960898319,141.19903564453125,76701.0,0,1
2025-10-02,140.90053560573568,142.6716166049554,139.7960960898319,141.19903564453125,76701.0,0,1
2025-10-03,143.32831362152442,143.87556116213582,140.04484356019864,141.7960205078125,57995.0,0,1
2025-10-06,143.27856396434822,146.61178662951156,139.74634633014742,141.02989196777344,233251.0,0,1
2025-10-07,141.089590699007,142.98006570194298,138.13446906581774,138.75135803222656,131911.0,0,1
2025-10-08,139.44784188482998,142.92036243697063,138.58220544654554,139.22894287109375,91472.0,0,1
2025-10-09,139.29859943164226,139.92544798743424,137.61706390932835,138.0349578857422,108840.0,0,1
2025-10-10,138.20409626850963,141.17912164776615,138.20409626850963,138.47274780273438,81029.0,0,1
2025-10-13,138.7513454009996,140.1343808233085,134.82113813751815,136.19422912597656,89461.0,0,1
2025-10-14,136.19422774592738,138.17424800838043,134.67189435342826,135.34848022460938,70916.0,0,1
2025-10-15,134.64205903682986,137.2787765608159,133.83610435403605,136.502685546875,93133.0,0,1
2025-10-16,138.0647979878383,138.0647979878383,134.32364129590636,134.8907928466797,81054.0,0,1
2025-10-17,137.010123954403,137.010123954403,134.3833508851833,134.99029541015625,109833.0,0,1
2025-10-20,134.99029539731117,136.71162389623083,134.99029539731117,136.1842803955078,59470.0,0,1
2025-10-21,137.0996628110083,139.24884481387542,136.81112239672942,137.39816284179688,39246.0,0,1
2025-10-22,137.0996628110083,139.24884481387542,136.81112239672942,137.39816284179688,39246.0,0,1
2025-10-23,138.29366244058255,138.29366244058255,136.31362691968266,136.9404754638672,138905.0,0,1
2025-10-24,138.20410406567075,138.20410406567075,135.12958862859566,136.31362915039062,60599.0,0,1
2025-10-27,136.34348044001706,137.50761693482488,135.8260813815438,136.1444854736328,139343.0,0,1
2025-10-28,138.1941658179139,138.1941658179139,134.82115019523098,135.23904418945312,70648.0,0,1
2025-10-29,135.88578839149875,136.8111217822105,134.22414177011916,135.74647521972656,128052.0,0,1
2025-10-30,135.31863805729975,137.2986735945167,134.19429451509177,134.80123901367188,141634.0,0,1
2025-10-31,135.11964481359573,135.2987357257759,132.83116478090196,133.1197052001953,132052.0,0,1
2025-11-03,134.0251475103713,134.124652581487,132.3336675778002,133.14956665039062,78818.0,0,1
2025-11-04,133.15950771387855,133.65700269217936,132.08491673886775,132.8610076904297,103639.0,0,1
2025-11-05,133.15950771387855,133.65700269217936,132.08491673886775,132.8610076904297,103639.0,0,1
2025-11-06,131.9356778285909,133.4182031866726,130.8511272084598,131.88592529296875,93506.0,0,1
2025-11-07,131.88592855957526,133.30875698308844,129.8461960072835,130.98048400878906,77044.0,0,1
2025-11-10,130.98048657545337,131.59737553397773,128.42337010032594,129.0900115966797,91585.0,0,1
2025-11-11,130.34368889984327,135.31863885785253,127.85621392083864,134.59230041503906,171571.0,0,1
2025-11-12,135.3186363924702,142.18406113650423,134.77138887059104,140.73138427734375,410113.0,0,1
2025-11-13,147.0595265806851,154.22345161944227,145.36804659939202,147.69631958007812,2063881.0,1,0
2025-11-14,146.76101688156768,147.03961285156907,142.28356212924868,144.3033905029297,185987.0,0,1
2025-11-17,145.28844653714808,146.64163356759673,142.48256740161108,143.23876953125,163847.0,0,1
2025-11-18,145.15908714283626,145.15908714283626,140.2438342270919,140.5920867919922,90778.0,0,1
2025-11-19,140.29358994318167,142.08457497892485,137.29867551003792,137.89566040039062,146594.0,0,1
2025-11-20,139.00010554315034,139.00010554315034,136.27384255041432,136.9603729248047,146290.0,0,1
2025-11-21,136.96035867774336,137.3185556621547,133.7863535336733,134.22413635253906,132821.0,0,1
2025-11-24,134.31370116270128,134.5723930885778,131.55757470199404,131.8461151123047,117231.0,0,1
2025-11-25,131.84611143142067,132.771459970071,129.64719216700485,130.4332275390625,142529.0,0,1
2025-11-26,130.8411847365655,132.6222101527489,130.34368973756716,130.7317352294922,109335.0,0,1
2025-11-27,132.03516528741463,132.1346703568276,128.57260446109953,130.12478637695312,151192.0,0,1
2025-11-28,130.79143013668747,130.79143013668747,129.64719772998097,130.09494018554688,101446.0,0,1
2025-12-01,130.8411898662112,131.32874044998738,129.14970983977062,129.33876037597656,113471.0,0,1
2025-12-02,129.3984565581971,129.48800201721798,127.8761230254701,128.3537139892578,119678.0,0,1
2025-12-03,128.35370630365873,129.34869627500493,126.6124738538029,127.15972137451172,81591.0,0,1
2025-12-04,127.159727437541,127.64726283004758,123.79665631568876,124.5926513671875,164441.0,0,1
2025-12-05,124.59265032348208,126.04533482780256,122.95091528800076,123.97575378417967,128343.0,0,1
2025-12-08,124.4732466844624,125.10009523879675,121.68727925701045,122.44346618652344,123201.0,0,1
2025-12-09,122.4633712187314,124.37375019992108,119.95599216364506,121.26937866210938,182876.0,0,1
2025-12-10,121.73702418726826,122.9409611684704,120.8912842110221,121.84647369384766,199237.0,0,1
2025-12-11,122.08526570917664,126.25427609307224,120.89128078725244,123.71704864501952,266160.0,0,1
2025-12-12,124.40359418534804,125.10009171597603,122.95090974650124,124.01554870605467,532866.0,0,1
2025-12-15,124.07525070619796,134.92065088051984,124.07525070619796,132.8411102294922,1232683.0,1,0
2025-12-16,133.42816215129184,141.28857690623718,133.32865708053367,139.3284454345703,1020973.0,1,0
2025-12-17,140.7413378686585,145.76604059809912,137.61706975596564,141.8059844970703,632519.0,0,1
2025-12-18,141.2885841198962,146.76102927946965,136.12458344014203,145.13919067382812,396502.0,0,1
2025-12-19,145.1391845895409,146.14413419341602,141.78607319067928,145.01979064941406,310758.0,0,1
2025-12-22,145.02973963465166,147.0197196717029,144.34320927503694,145.5570831298828,217243.0,0,1
2025-12-23,146.25358908299805,151.23848363723994,144.78099291629593,147.73611450195312,242539.0,0,1
2025-12-24,149.1987500207699,149.9947450708816,146.5122800111928,146.8207244873047,178444.0,0,1
2025-12-25,149.1987500207699,149.9947450708816,146.5122800111928,146.8207244873047,178444.0,0,1
2025-12-26,146.57197430912575,150.5817827901147,145.2685398397385,149.3778533935547,298364.0,0,1
2025-12-29,149.37785044065046,149.84549694547752,146.0147794524923,146.56202697753906,139491.0,0,1
2025-12-30,146.06452671704443,149.8255874882376,144.27354178258537,147.4276580810547,217497.0,0,1
2025-12-31,147.4276642279164,154.4025385558149,147.4276642279164,153.58665466308594,630145.0,0,1
2026-01-01,153.805549584522,157.6064033306234,153.1886606686908,153.50704956054688,289507.0,0,1
2026-01-02,155.66618517591536,155.66618517591536,150.45244720176854,150.9996795654297,137222.0,0,1
2026-01-05,153.0294698067511,176.89927093412882,151.7459241646282,165.96434020996094,45783339.0,1,0
2026-01-06,169.54628419144765,178.05345144012549,169.5164357070448,172.0138702392578,32200767.0,1,0
2026-01-07,170.98904344065352,170.98904344065352,161.08888045504222,162.84007263183594,3190826.0,0,1
2026-01-08,161.19831776622132,165.56632307824054,156.94972157325552,157.7556610107422,1466278.0,0,1
2026-01-09,158.30291552565626,160.06403689940615,151.33798550573778,152.22352600097656,841842.0,0,1
2026-01-12,151.21857758958416,152.06432517169708,147.1689761404663,149.4873046875,929545.0,0,1
2026-01-13,150.24348351854516,163.66590350514966,150.14397844990077,160.8799285888672,2016533.0,1,0
2026-01-14,158.20341573316946,159.04916333675573,151.83548557533763,153.21852111816406,788937.0,0,1
2026-01-15,153.21852111816406,153.21852111816406,153.21852111816406,153.21852111816406,0.0,0,1
2026-01-16,153.20854960651013,153.20854960651013,149.25843825544703,151.04942321777344,413473.0,0,1
2026-01-19,149.55694186354702,156.50196769141607,148.70124987117092,152.46231079101562,887408.0,0,1
2026-01-20,152.3827077682459,154.4522887268534,148.4226519403731,152.42251586914062,547343.0,0,1
2026-01-21,151.38771919305847,153.9249466753257,147.05952189492467,150.21363830566406,616486.0,0,1
2026-01-22,150.04449797187874,159.44715061935997,150.04449797187874,157.49696350097656,718768.0,0,1
2026-01-23,159.59638663745756,164.57133653491374,155.03934589184882,162.29281616210938,1229124.0,0,1
2026-01-26,159.59638663745756,164.57133653491374,155.03934589184882,162.29281616210938,1229124.0,0,1
2026-01-27,162.1833630560169,162.1833630560169,148.35300872110926,151.716064453125,1605243.0,0,1
2026-01-28,151.71606909683027,154.81048856634803,151.49717008491513,152.2533721923828,401288.0,0,1
2026-01-29,152.48221441320578,153.13891144367406,148.2535069988102,148.9499969482422,409676.0,0,1
2026-01-30,149.07000732421875,150.5800018310547,146.02999877929688,149.82000732421875,321319.0,0,1
2026-02-02,142.8699951171875,142.9600067138672,137.10000610351562,140.82000732421875,347261.0,0,1
2026-02-03,146.0,147.25999450683594,142.1699981689453,145.5,304045.0,0,1
2026-02-04,147.3699951171875,152.97999572753906,144.55999755859375,151.4600067138672,510872.0,0,1
2026-02-05,151.4600067138672,154.10000610351562,149.0,152.27999877929688,324237.0,0,1
2026-02-06,153.0,153.0,146.8000030517578,150.4499969482422,342265.0,0,1
2026-02-09,150.0,159.8000030517578,149.08999633789062,156.1999969482422,550067.0,0,1
2026-02-10,157.94000244140625,159.32000732421875,154.75,155.24000549316406,286802.0,0,1
2026-02-11,156.6999969482422,156.6999969482422,150.0,150.63999938964844,269091.0,0,1
2026-02-12,150.2100067138672,152.22000122070312,148.60000610351562,150.17999267578125,222123.0,0,1
2026-02-13,150.0,150.00999450683594,145.0,146.6999969482422,262984.0,0,1
2026-02-16,146.0,147.0,145.0,146.60000610351562,110958.0,0,1
2026-02-17,145.50999450683594,150.92999267578125,145.50999450683594,148.08999633789062,187799.0,0,1
2026-02-18,148.24000549316406,150.0800018310547,147.5,149.10000610351562,108460.0,0,1
2026-02-19,148.00999450683594,150.0,143.5,145.25999450683594,103649.0,0,1
2026-02-20,144.5,148.8000030517578,142.80999755859375,143.67999267578125,110947.0,0,1
2026-02-23,144.8300018310547,145.6999969482422,141.89999389648438,142.8300018310547,111241.0,0,1
2026-02-24,142.10000610351562,143.08999633789062,139.02000427246094,140.82000732421875,119120.0,0,1
2026-02-25,140.8000030517578,143.0,140.0,140.5399932861328,72419.0,0,1
2026-02-26,141.24000549316406,142.38999938964844,139.0,139.75999450683594,104618.0,0,1
2026-02-27,139.75999450683594,141.39999389648438,138.33999633789062,140.42999267578125,92044.0,0,1
2026-03-02,137.0,139.50999450683594,134.0,137.4499969482422,246929.0,0,1
2026-03-03,137.0,139.50999450683594,134.0,137.4499969482422,246929.0,0,1
2026-03-04,136.0,136.0,132.3300018310547,133.07000732421875,204415.0,0,1
2026-03-05,135.0,135.6699981689453,131.5,132.94000244140625,133741.0,0,1
2026-03-06,133.0,142.8699951171875,132.1999969482422,134.4499969482422,452639.0,0,1
2026-03-09,133.99000549316406,134.0,125.12000274658205,127.43000030517578,261342.0,0,1
2026-03-10,129.0500030517578,131.82000732421875,128.72000122070312,131.0399932861328,213632.0,0,1
2026-03-11,133.00999450683594,134.69000244140625,128.10000610351562,130.16000366210938,192715.0,0,1
2026-03-12,131.2100067138672,132.4499969482422,127.6999969482422,129.9600067138672,166498.0,0,1
2026-03-13,128.0,130.89999389648438,125.4000015258789,129.58999633789062,273234.0,0,1
2026-03-16,127.6500015258789,129.85000610351562,123.08999633789062,126.7300033569336,259351.0,0,1
2026-03-17,127.5999984741211,132.5,126.4000015258789,130.49000549316406,220395.0,0,1
2026-03-18,130.8800048828125,133.5399932861328,130.25,131.88999938964844,143874.0,0,1
2026-03-19,130.0,130.99000549316406,128.0,128.6999969482422,129532.0,0,1
2026-03-20,130.99000549316406,132.9499969482422,130.0800018310547,132.3800048828125,210490.0,0,1
2026-03-23,130.0,130.35000610351562,127.0,127.20999908447266,200462.0,0,1
2026-03-24,130.2100067138672,130.35000610351562,126.2699966430664,127.83999633789062,162148.0,0,1
2026-03-25,128.52000427246094,133.2899932861328,128.52000427246094,129.3800048828125,233240.0,0,1
2026-03-26,128.52000427246094,133.2899932861328,128.52000427246094,129.3800048828125,233240.0,0,1
2026-03-27,128.22000122070312,128.99000549316406,122.0,123.52999877929688,281756.0,0,1
2026-03-30,122.01000213623048,122.69000244140624,115.0,116.79000091552734,338111.0,0,1
2026-03-31,122.01000213623048,122.69000244140624,115.0,116.79000091552734,338111.0,0,1
2026-04-01,119.8000030517578,126.0,119.1999969482422,124.5199966430664,252198.0,0,1
2026-04-02,123.1999969482422,127.9000015258789,120.3000030517578,126.5199966430664,132052.0,0,1
2026-04-03,123.1999969482422,127.9000015258789,120.3000030517578,126.5199966430664,132052.0,0,1
2026-04-06,126.5199966430664,128.33999633789062,123.8499984741211,127.73999786376952,135004.0,0,1
2026-04-07,126.45999908447266,129.74000549316406,126.36000061035156,126.86000061035156,76115.0,0,1
2026-04-08,140.0,140.0,132.3000030517578,134.5399932861328,330213.0,1,0
2026-04-09,134.60000610351562,137.47000122070312,132.60000610351562,134.8000030517578,153304.0,0,1
2026-04-10,134.8000030517578,139.5,134.8000030517578,137.10000610351562,180643.0,0,1
2026-04-13,134.6999969482422,137.8000030517578,132.3000030517578,135.85000610351562,95614.0,0,1
2026-04-14,134.6999969482422,137.8000030517578,132.3000030517578,135.85000610351562,95614.0,0,1
2026-04-15,137.0,142.5,137.0,141.5800018310547,246273.0,0,1
2026-04-16,147.0,149.5,141.5,148.60000610351562,519733.0,0,1
2026-04-17,150.0,151.0,146.07000732421875,147.5500030517578,246292.0,0,1
2026-04-20,147.5500030517578,148.0500030517578,142.5,143.00999450683594,175550.0,0,1
2026-04-21,143.00999450683594,146.49000549316406,140.60000610351562,142.36000061035156,186222.0,0,1
2026-04-22,142.36000061035156,143.88999938964844,141.39999389648438,141.91000366210938,94436.0,0,1
2026-04-23,142.39999389648438,142.72000122070312,139.25,139.67999267578125,185186.0,0,1
2026-04-24,141.0800018310547,141.0800018310547,136.1999969482422,137.17999267578125,82385.0,0,1
2026-04-27,138.91000366210938,143.58999633789062,138.10000610351562,142.3000030517578,151154.0,0,1
2026-04-28,141.0,144.55999755859375,140.0500030517578,140.5500030517578,104724.0,0,1
2026-04-29,141.00999450683594,144.3699951171875,139.36000061035156,140.49000549316406,132994.0,0,1
2026-04-30,140.0,141.67999267578125,136.25,138.72999572753906,133807.0,0,1
2026-05-01,138.72999572753906,138.72999572753906,138.72999572753906,138.72999572753906,0.0,0,1
2026-05-04,140.39999389648438,141.8000030517578,138.0,138.67999267578125,101201.0,0,1
2026-05-05,138.67999267578125,139.8000030517578,136.52000427246094,137.6699981689453,78988.0,0,1
2026-05-06,140.0,165.1999969482422,140.0,156.66000366210938,12007737.0,1,0
2026-05-07,162.22999572753906,163.75,151.58999633789062,153.0,1859705.0,1,0
2026-05-08,153.0,159.39999389648438,150.14999389648438,151.4499969482422,746507.0,0,1
2026-05-11,150.0,150.0,145.14999389648438,145.8000030517578,255092.0,0,1
2026-05-12,145.0,148.5399932861328,140.5500030517578,141.1300048828125,221485.0,0,1
2026-05-13,142.0,142.7100067138672,139.50999450683594,141.27000427246094,147324.0,0,1
2026-05-14,141.99000549316406,144.89999389648438,138.44000244140625,142.72000122070312,233783.0,0,1
2026-05-15,145.0,152.0,142.72000122070312,149.97999572753906,455425.0,0,1
2026-05-18,149.64999389648438,160.16000366210938,147.5,158.36000061035156,695375.0,0,1
2026-05-19,158.8000030517578,160.5,154.0800018310547,159.47000122070312,508094.0,0,1
2026-05-20,158.0,159.99000549316406,155.2100067138672,158.86000061035156,195241.0,0,1
2026-05-21,160.3300018310547,166.8000030517578,159.61000061035156,163.77999877929688,749808.0,0,1
2026-05-22,165.0,170.8800048828125,163.11000061035156,164.30999755859375,1195102.0,0,1
2026-05-25,165.5,172.1999969482422,165.5,169.99000549316406,1052892.0,0,1
2026-05-26,171.0,172.27999877929688,159.0,162.5,1536405.0,0,1
2026-05-27,169.0,174.8000030517578,160.10000610351562,162.86000061035156,4697033.0,0,1
2026-05-28,162.86000061035156,162.86000061035156,162.86000061035156,162.86000061035156,0.0,0,1
2026-05-29,163.39999389648438,163.4499969482422,155.10000610351562,155.97000122070312,605478.0,0,1
2026-06-01,156.47999572753906,161.10000610351562,153.97000122070312,157.55999755859375,412108.0,0,1
2026-06-02,155.0,157.11000061035156,152.0,155.7899932861328,370189.0,0,1
2026-06-03,156.97999572753906,159.3800048828125,155.6999969482422,157.17999267578125,400161.0,0,1
2026-06-04,157.60000610351562,169.5,157.30999755859375,161.85000610351562,1641710.0,0,1
2026-06-05,165.63999938964844,167.89999389648438,158.35000610351562,160.72999572753906,709636.0,0,1
2026-06-08,160.0,161.60000610351562,156.0,157.5800018310547,322862.0,0,1
2026-06-09,158.0,159.99000549316406,155.91000366210938,159.33999633789062,254894.0,0,1
2026-06-10,160.8000030517578,161.6999969482422,154.1999969482422,156.0800018310547,234704.0,0,1
2026-06-11,156.0,156.50999450683594,153.5,155.42999267578125,164637.0,0,1
2026-06-12,158.0,161.0,156.25999450683594,159.47999572753906,230691.0,0,1
2026-06-15,164.6999969482422,164.6999969482422,157.13999938964844,158.47999572753906,389356.0,0,1
2026-06-16,160.88999938964844,162.44000244140625,157.00999450683594,157.80999755859375,321183.0,0,1
2026-06-17,158.10000610351562,159.5,155.7100067138672,156.14999389648438,336058.0,0,1
2026-06-18,156.60000610351562,182.0,156.60000610351562,174.11000061035156,10986216.0,1,0
2026-06-19,174.2899932861328,184.5,172.02000427246094,180.25999450683597,3490988.0,1,0
2026-06-22,181.0,182.58999633789065,174.4499969482422,175.82000732421875,904564.0,0,1
