asset_class,asset,model,cv_accuracy,cv_accuracy_std,test_accuracy
Commodities,Aluminum,LightGBM,0.4564885496183206,0.027374688667238335,0.5456852791878173
Commodities,Brent_Crude_Oil,RandomForest,0.5435114503816794,0.026288817340034448,0.4949238578680203
Commodities,Copper,LogisticRegression,0.5129770992366413,0.040001748111676026,0.46954314720812185
Commodities,Corn,CatBoost,0.47175572519083964,0.04435370701170671,0.5736040609137056
Commodities,Cotton,XGBoost,0.48244274809160304,0.02272194819257592,0.6345177664974619
Commodities,Fertilizer_Index,LogisticRegression,0.5061068702290077,0.04532834454749168,0.5101522842639594
Commodities,Gold,LogisticRegression,0.4587786259541985,0.0781986461631933,0.6091370558375635
Commodities,Natural_Gas,XGBoost,0.5221374045801527,0.06217509219632744,0.6218274111675127
Commodities,Natural_Rubber,CatBoost,0.46311787072243343,0.08314399208271701,0.5974683544303797
Commodities,Platinum,LogisticRegression,0.5641221374045802,0.03773803692918556,0.4593908629441624
Commodities,Silver,RandomForest,0.5206106870229007,0.06389454338272237,0.4543147208121827
Commodities,WTI_Crude_Oil,CatBoost,0.5625954198473282,0.07138935215717976,0.5685279187817259
Commodities,Wheat,LightGBM,0.5358778625954199,0.03617708583533675,0.5456852791878173
Crypto,BNB,XGBoost,0.5196581196581197,0.06607230116269296,0.5340909090909091
Crypto,BTC,CatBoost,0.4683760683760684,0.0347811794006424,0.4943181818181818
Crypto,ETH,CatBoost,0.576068376068376,0.04731060684819845,0.4318181818181818
Crypto,LTC,CatBoost,0.49059829059829063,0.03401666451646564,0.5
Crypto,SOL,LogisticRegression,0.4854700854700855,0.07896621854667418,0.48863636363636365
Crypto,TAO,RandomForest,0.5572815533980583,0.028537744576114688,0.5897435897435898
Crypto,TRX,XGBoost,0.4769230769230769,0.05334867191222987,0.6988636363636364
Crypto,UNI,LogisticRegression,0.5196581196581197,0.11484838996403983,0.44886363636363635
Crypto,WLD,LogisticRegression,0.5470085470085471,0.13514007094736666,0.4715909090909091
Crypto,XMR,LogisticRegression,0.5620689655172414,0.08798172980809017,0.5795454545454546
ETFs,AGG,RandomForest,0.4989247311827957,0.10592352994429895,0.5678571428571428
ETFs,EEM,XGBoost,0.5139784946236559,0.03655913978494624,0.3607142857142857
ETFs,EFA,RandomForest,0.4881720430107527,0.05581049149402573,0.38571428571428573
ETFs,EWY,XGBoost,0.4924731182795699,0.016518593006169036,0.3607142857142857
ETFs,GLD,LogisticRegression,0.5204301075268817,0.09450138728051541,0.5928571428571429
ETFs,IBIT,RandomForest,0.491358024691358,0.07784633466881209,0.5
ETFs,IVV,LogisticRegression,0.4516129032258064,0.06619674826503821,0.6107142857142858
ETFs,LQD,XGBoost,0.4763440860215054,0.06589915460664326,0.5071428571428571
ETFs,QQQ,LogisticRegression,0.4505376344086022,0.04412534307243697,0.41785714285714287
ETFs,SPY,LogisticRegression,0.4236559139784946,0.06346819167042454,0.48214285714285715
ETFs,TLT,CatBoost,0.5290322580645161,0.0197100029890574,0.6035714285714285
ETFs,USO,XGBoost,0.5978494623655914,0.08006241061929587,0.6142857142857143
ETFs,XLE,CatBoost,0.5333333333333333,0.04359813964024365,0.5107142857142857
ETFs,XLK,LogisticRegression,0.4935483870967742,0.06871632390826003,0.5535714285714286
ETFs,XLV,LogisticRegression,0.5279569892473118,0.10208826624875633,0.5392857142857143
Futures,BANK_NIFTY_Futures,RandomForest,0.5146341463414635,0.16167622847977123,0.5564516129032258
Futures,BANK_NIFTY_Options,RandomForest,0.5146341463414635,0.16167622847977123,0.5564516129032258
Futures,BRIGADE_Options,LogisticRegression,0.5048780487804878,0.04729443763333006,0.4596774193548387
Futures,FINNIFTY_Futures,RandomForest,0.451219512195122,0.07110916944933295,0.5725806451612904
Futures,FINNIFTY_Options,RandomForest,0.451219512195122,0.07110916944933295,0.5725806451612904
Futures,HDFC_BANK_Futures,LogisticRegression,0.4975609756097561,0.12612374120827216,0.4838709677419355
Futures,INFOSYS_Futures,LogisticRegression,0.4609756097560975,0.07728282691587735,0.4596774193548387
Futures,NIFTY_50_Futures,LightGBM,0.48048780487804876,0.08881532417577133,0.4596774193548387
Futures,NIFTY_50_Options,LightGBM,0.48048780487804876,0.08881532417577133,0.4596774193548387
Futures,RELIANCE_Futures,LightGBM,0.5024390243902439,0.10301810771679451,0.5725806451612904
Stocks,N50_ADANIENT,XGBoost,0.4559139784946236,0.0521699332073471,0.5907473309608541
Stocks,N50_ADANIPORTS,LogisticRegression,0.4763440860215054,0.06173204341680568,0.5160142348754448
Stocks,N50_APOLLOHOSP,RandomForest,0.5172043010752688,0.0945625413587985,0.5622775800711743
Stocks,N50_ASIANPAINT,CatBoost,0.5225806451612903,0.03867979730882784,0.5658362989323843
Stocks,N50_AXISBANK,RandomForest,0.5344086021505376,0.03324650501879637,0.48398576512455516
Stocks,N50_BAJAJ-AUTO,RandomForest,0.4763440860215054,0.1373905770261087,0.5516014234875445
Stocks,N50_BAJAJFINSV,LogisticRegression,0.4666666666666667,0.07621524794266388,0.5444839857651246
Stocks,N50_BAJFINANCE,LogisticRegression,0.5258064516129032,0.08476228892480153,0.5409252669039146
Stocks,N50_BHARTIARTL,CatBoost,0.4881720430107527,0.0946847310225863,0.5231316725978647
Stocks,N50_BPCL,RandomForest,0.446236559139785,0.05408505952670662,0.5338078291814946
Stocks,N50_BRITANNIA,LogisticRegression,0.5172043010752688,0.019943265581711174,0.5765124555160143
Stocks,N50_CIPLA,RandomForest,0.4741935483870968,0.04654808778906099,0.5302491103202847
Stocks,N50_COALINDIA,CatBoost,0.4666666666666667,0.08496665060274587,0.6725978647686833
Stocks,N50_DIVISLAB,CatBoost,0.5408602150537634,0.071373878603338,0.501779359430605
Stocks,N50_DRREDDY,LightGBM,0.5344086021505376,0.08136595446190371,0.6441281138790036
Stocks,N50_EICHERMOT,LightGBM,0.4989247311827957,0.07712009065394025,0.5800711743772242
Stocks,N50_GRASIM,CatBoost,0.5043010752688172,0.07801443934286904,0.5693950177935944
Stocks,N50_HCLTECH,RandomForest,0.489247311827957,0.06876678260352466,0.5444839857651246
Stocks,N50_HDFCBANK,LightGBM,0.5096774193548387,0.06319434518243061,0.5729537366548043
Stocks,N50_HDFCLIFE,LightGBM,0.4989247311827957,0.07351253606510627,0.6120996441281139
Stocks,N50_HEROMOTOCO,CatBoost,0.5021505376344086,0.11544001089378769,0.5836298932384342
Stocks,N50_HINDALCO,LogisticRegression,0.6064516129032257,0.0792641612644392,0.4092526690391459
Stocks,N50_HINDUNILVR,RandomForest,0.4978494623655914,0.0650159847648644,0.6014234875444839
Stocks,N50_ICICIBANK,XGBoost,0.4978494623655914,0.07209915963114069,0.5338078291814946
Stocks,N50_INDUSINDBK,LightGBM,0.4967741935483871,0.0715356876493759,0.5658362989323843
Stocks,N50_INFY,CatBoost,0.5139784946236559,0.0772848293594254,0.5871886120996441
Stocks,N50_ITC,LightGBM,0.5634408602150537,0.06428273194681773,0.5302491103202847
Stocks,N50_JSWSTEEL,CatBoost,0.532258064516129,0.08322052718662086,0.5231316725978647
Stocks,N50_KOTAKBANK,XGBoost,0.5397849462365591,0.04268695320705208,0.5160142348754448
Stocks,N50_LT,XGBoost,0.5150537634408602,0.0827607802361026,0.5160142348754448
Stocks,N50_M&M,CatBoost,0.4978494623655914,0.051635299800184824,0.5765124555160143
Stocks,N50_MARUTI,CatBoost,0.5010752688172043,0.030107526881720418,0.49466192170818507
Stocks,N50_NESTLEIND,LogisticRegression,0.4709677419354839,0.09420729511315917,0.5338078291814946
Stocks,N50_NTPC,LightGBM,0.532258064516129,0.0829421968846318,0.608540925266904
Stocks,N50_ONGC,LightGBM,0.4408602150537635,0.0864906561384525,0.5444839857651246
Stocks,N50_POWERGRID,LogisticRegression,0.4365591397849462,0.07272188567273512,0.5765124555160143
Stocks,N50_RELIANCE,LogisticRegression,0.5236559139784946,0.06375899819515524,0.5693950177935944
Stocks,N50_SBILIFE,CatBoost,0.4956989247311828,0.06273527804651537,0.5338078291814946
Stocks,N50_SBIN,XGBoost,0.5010752688172043,0.049204564252247535,0.45195729537366547
Stocks,N50_SHRIRAMFIN,XGBoost,0.4860215053763441,0.08256496266861277,0.505338078291815
Stocks,N50_SUNPHARMA,XGBoost,0.4935483870967742,0.0888903341309264,0.5871886120996441
Stocks,N50_TATACONSUM,LightGBM,0.4860215053763441,0.07392033222493426,0.5729537366548043
Stocks,N50_TATASTEEL,LogisticRegression,0.489247311827957,0.0964151043933759,0.5587188612099644
Stocks,N50_TCS,LightGBM,0.489247311827957,0.05472262645161065,0.501779359430605
Stocks,N50_TECHM,XGBoost,0.4655913978494624,0.047311827956989246,0.5195729537366548
Stocks,N50_TITAN,LogisticRegression,0.4860215053763441,0.04694382785579158,0.5409252669039146
Stocks,N50_TRENT,LogisticRegression,0.5258064516129032,0.13683403032764133,0.4412811387900356
Stocks,N50_ULTRACEMCO,RandomForest,0.5096774193548387,0.0659692974201203,0.5871886120996441
Stocks,N50_WIPRO,CatBoost,0.5021505376344086,0.05510162570029658,0.5551601423487544
Stocks,NMidcap_AARTIIND,LogisticRegression,0.553763440860215,0.022809896167308004,0.594306049822064
Stocks,NMidcap_ABCAPITAL,LogisticRegression,0.4548387096774193,0.04544203571852782,0.4804270462633452
Stocks,NMidcap_ABFRL,LogisticRegression,0.5247311827956989,0.07942445295750274,0.49110320284697506
Stocks,NMidcap_ACC,XGBoost,0.4946236559139785,0.05376344086021504,0.44483985765124556
Stocks,NMidcap_AIAENG,LogisticRegression,0.5021505376344086,0.08291431246734193,0.6227758007117438
Stocks,NMidcap_ALKEM,XGBoost,0.489247311827957,0.06129975403758807,0.594306049822064
Stocks,NMidcap_APLLTD,XGBoost,0.4903225806451613,0.1037731902489874,0.6334519572953736
Stocks,NMidcap_ASTRAL,RandomForest,0.5408602150537634,0.05776505814435824,0.501779359430605
Stocks,NMidcap_ATUL,CatBoost,0.5182795698924731,0.06050238665219441,0.6156583629893239
Stocks,NMidcap_AUBANK,LogisticRegression,0.5086021505376344,0.04282216720804273,0.5373665480427047
Stocks,NMidcap_BALKRISIND,XGBoost,0.543010752688172,0.10617428848457797,0.594306049822064
Stocks,NMidcap_BATAINDIA,LightGBM,0.4806451612903226,0.05208120876693477,0.3914590747330961
Stocks,NMidcap_BHARATFORG,XGBoost,0.4655913978494624,0.06864898795489192,0.5195729537366548
Stocks,NMidcap_BSOFT,RandomForest,0.4354838709677419,0.08527905401676712,0.5800711743772242
Stocks,NMidcap_CANFINHOME,LogisticRegression,0.5236559139784946,0.08277474947921605,0.594306049822064
Stocks,NMidcap_CCL,LogisticRegression,0.4548387096774194,0.06366826384123637,0.4697508896797153
Stocks,NMidcap_CEATLTD,XGBoost,0.5172043010752688,0.06526447701287535,0.5551601423487544
Stocks,NMidcap_CENTURYPLY,RandomForest,0.5236559139784946,0.0591495593095702,0.6263345195729537
Stocks,NMidcap_CESC,RandomForest,0.5311827956989247,0.09283500083505108,0.6263345195729537
Stocks,NMidcap_CHOLAHLDNG,LogisticRegression,0.4946236559139785,0.04939218958217571,0.5302491103202847
Stocks,NMidcap_CLEAN,LogisticRegression,0.5761904761904761,0.03396510147068355,0.38095238095238093
Stocks,NMidcap_COCHINSHIP,RandomForest,0.4956989247311828,0.09394920928517325,0.5765124555160143
Stocks,NMidcap_CRISIL,LogisticRegression,0.5387096774193548,0.06561783355867683,0.5195729537366548
Stocks,NMidcap_CROMPTON,CatBoost,0.4967741935483871,0.08115252586715359,0.5373665480427047
Stocks,NMidcap_DEEPAKNTR,LightGBM,0.5021505376344086,0.037186271969442096,0.40569395017793597
Stocks,NMidcap_ELGIEQUIP,XGBoost,0.5225806451612903,0.02770773919725831,0.5587188612099644
Stocks,NMidcap_EMAMILTD,RandomForest,0.4505376344086022,0.06657989496951709,0.5693950177935944
Stocks,NMidcap_ENDURANCE,RandomForest,0.4903225806451613,0.08331772313036781,0.604982206405694
Stocks,NMidcap_ENGINERSIN,RandomForest,0.4655913978494624,0.062476727081006225,0.5231316725978647
Stocks,NMidcap_EQUITAS,XGBoost,0.4903225806451613,0.06971855947289174,0.5444839857651246
Stocks,NMidcap_FINCABLES,LightGBM,0.5172043010752688,0.10208826624875629,0.5480427046263345
Stocks,NMidcap_FLUOROCHEM,CatBoost,0.5247311827956989,0.049811762674840734,0.6512455516014235
Stocks,NMidcap_GNFC,XGBoost,0.5118279569892473,0.06930272277127751,0.594306049822064
Stocks,NMidcap_GPPL,LightGBM,0.4720430107526882,0.06517583854060964,0.4306049822064057
Stocks,NMidcap_GRANULES,LogisticRegression,0.4774193548387096,0.09094765786576559,0.4804270462633452
Stocks,NMidcap_GUJGASLTD,XGBoost,0.5225806451612903,0.054975582929738566,0.5693950177935944
Stocks,NMidcap_HFCL,LightGBM,0.5150537634408602,0.048255496069498686,0.5836298932384342
Stocks,NMidcap_IEX,RandomForest,0.4967741935483871,0.07265826196355334,0.5871886120996441
Stocks,NMidcap_IPCALAB,CatBoost,0.5010752688172043,0.08393986693020963,0.5551601423487544
Stocks,NMidcap_JKCEMENT,CatBoost,0.5043010752688172,0.05293992957028458,0.49110320284697506
Stocks,NMidcap_JKLAKSHMI,XGBoost,0.5032258064516129,0.05208120876693478,0.5551601423487544
Stocks,NMidcap_JSWENERGY,LogisticRegression,0.4698924731182796,0.06915240942285389,0.5444839857651246
Stocks,NMidcap_JUBILANT,RandomForest,0.4139784946236559,0.04164498221728404,0.5302491103202847
Stocks,NMidcap_KANSAINER,LogisticRegression,0.5559139784946237,0.09957709163690519,0.4555160142348754
Stocks,NMidcap_KARURVYSYA,LogisticRegression,0.5290322580645161,0.10305765874843213,0.498220640569395
Stocks,NMidcap_KEC,XGBoost,0.5118279569892473,0.04114220746173977,0.41637010676156583
Stocks,NMidcap_LAURUSLABS,CatBoost,0.5053763440860215,0.10161148090260172,0.3274021352313167
Stocks,NMidcap_LTIM,RandomForest,0.4838709677419355,0.06654515460974539,0.5607142857142857
Stocks,NMidcap_MANAPPURAM,CatBoost,0.4978494623655914,0.10894760345368036,0.505338078291815
Stocks,NMidcap_MARICO,LogisticRegression,0.5204301075268817,0.06464145533414682,0.501779359430605
Stocks,NMidcap_MASTEK,XGBoost,0.5236559139784946,0.09934459752646103,0.5444839857651246
Stocks,NMidcap_METROPOLIS,RandomForest,0.4741935483870968,0.04679581752040631,0.5444839857651246
Stocks,NMidcap_MFSL,LogisticRegression,0.5290322580645161,0.06002273435248544,0.5729537366548043
Stocks,NMidcap_MGLEM,RandomForest,0.4903225806451613,0.08120949500429765,0.697508896797153
Stocks,NMidcap_MPHASIS,LogisticRegression,0.5505376344086022,0.06981799174515237,0.6263345195729537
Stocks,NMidcap_MRF,RandomForest,0.4720430107526881,0.079990171670526,0.594306049822064
Stocks,NMidcap_NATCOPHARM,CatBoost,0.4978494623655914,0.07713508143854177,0.5444839857651246
Stocks,NMidcap_NAUKRI,LogisticRegression,0.5043010752688172,0.08142277426943033,0.49110320284697506
Stocks,NMidcap_NBCC,LightGBM,0.5,0.10800966885030265,0.5658362989323843
Stocks,NMidcap_NCC,LogisticRegression,0.4473118279569892,0.10054769658116956,0.5373665480427047
Stocks,NMidcap_OFSS,LogisticRegression,0.4559139784946236,0.07468281872767886,0.6156583629893239
Stocks,NMidcap_PERSISTENT,RandomForest,0.4827956989247312,0.08571180810055759,0.5693950177935944
Stocks,NMidcap_POLYMED,CatBoost,0.5354838709677419,0.03856004532697011,0.4555160142348754
Stocks,NMidcap_PRESTIGE,CatBoost,0.4881720430107527,0.10597809314265526,0.6441281138790036
Stocks,NMidcap_PRINCEPIPES,CatBoost,0.4655913978494624,0.07592646642541821,0.5800711743772242
Stocks,NMidcap_RADICO,LogisticRegression,0.4602150537634409,0.04493028476511006,0.5444839857651246
Stocks,NMidcap_RAMCOCEM,CatBoost,0.5172043010752688,0.049672298763230545,0.5587188612099644
Stocks,NMidcap_RATNAMANI,CatBoost,0.467741935483871,0.09015601641399823,0.5480427046263345
Stocks,NMidcap_RBLBANK,LogisticRegression,0.4580645161290323,0.07659356481078765,0.5658362989323843
Stocks,NMidcap_RKFORGE,CatBoost,0.4419354838709677,0.10909607684568422,0.498220640569395
Stocks,NMidcap_SAILCORP,LogisticRegression,0.5129032258064516,0.07096774193548387,0.47686832740213525
Stocks,NMidcap_SANOFI,RandomForest,0.4591397849462366,0.09038656208029036,0.4804270462633452
Stocks,NMidcap_SAPPHIRE,RandomForest,0.5794871794871794,0.09016385114111405,0.4340425531914894
Stocks,NMidcap_SBICARD,LogisticRegression,0.4849462365591398,0.02791560211988638,0.5444839857651246
Stocks,NMidcap_SCHAEFFLER,XGBoost,0.5236559139784946,0.05152321957295027,0.5551601423487544
Stocks,NMidcap_SJVN,XGBoost,0.4946236559139785,0.14794229734507694,0.46619217081850534
Stocks,NMidcap_SKFINDIA,LogisticRegression,0.5236559139784946,0.055831204239772766,0.4804270462633452
Stocks,NMidcap_SOBHA,RandomForest,0.4935483870967742,0.05412779762861601,0.6334519572953736
Stocks,NMidcap_SUNDRMFAST,LogisticRegression,0.4946236559139785,0.045746338464908894,0.47330960854092524
Stocks,NMidcap_SUNTECK,LightGBM,0.5806451612903225,0.05967499752908219,0.6014234875444839
Stocks,NMidcap_SUPREMEIND,XGBoost,0.45913978494623653,0.06873314758923393,0.5551601423487544
Stocks,NMidcap_SUVENPHAR,LogisticRegression,0.4709677419354839,0.05634654841537161,0.49110320284697506
Stocks,NMidcap_TANLA,CatBoost,0.5,0.0658464984619134,0.5836298932384342
Stocks,NMidcap_TATAELXSI,CatBoost,0.5279569892473118,0.06464145533414684,0.5088967971530249
Stocks,NMidcap_TATATECH,LogisticRegression,0.5858823529411764,0.13626759751124948,0.46511627906976744
Stocks,NMidcap_TIINDIA,LogisticRegression,0.5258064516129032,0.05601727431239187,0.5409252669039146
Stocks,NMidcap_TIMKEN,XGBoost,0.5440860215053763,0.04943898465622646,0.5266903914590747
Stocks,NMidcap_TORNTPOWER,LogisticRegression,0.4838709677419355,0.05168006383095877,0.5622775800711743
Stocks,NMidcap_TRIDENT,RandomForest,0.553763440860215,0.09053993305385324,0.47686832740213525
Stocks,NMidcap_TTKPRESTIG,LogisticRegression,0.5086021505376344,0.06474868480569719,0.5622775800711743
Stocks,NMidcap_TVSSCS,RandomForest,0.5684210526315789,0.08956651531024273,0.6363636363636364
Stocks,NMidcap_UFLEX,LightGBM,0.4623655913978495,0.05408505952670663,0.604982206405694
Stocks,NMidcap_VGUARD,CatBoost,0.4978494623655914,0.036559139784946224,0.46619217081850534
Stocks,NMidcap_VTL,LogisticRegression,0.5311827956989247,0.06208688186344967,0.5231316725978647
Stocks,NMidcap_WABCOINDIA,XGBoost,0.489247311827957,0.06885079825196613,0.5392857142857143
Stocks,NMidcap_WELCORP,RandomForest,0.4795698924731182,0.09774897356871838,0.5373665480427047
Stocks,NMidcap_WHIRLPOOL,LogisticRegression,0.5161290322580645,0.10086915612523506,0.47330960854092524
Stocks,NMidcap_ZENSARTECH,CatBoost,0.5075268817204301,0.06421074678208008,0.4483985765124555
Stocks,NMidcap_ZOMATO,CatBoost,0.5089820359281437,0.06471499921488047,0.6190476190476191
Stocks,NNext_ABB,LogisticRegression,0.456989247311828,0.04523803003862929,0.5693950177935944
Stocks,NNext_ADANIGREEN,LightGBM,0.478494623655914,0.06740829255336551,0.5765124555160143
Stocks,NNext_AMBUJACEM,RandomForest,0.5161290322580645,0.07480656830505843,0.604982206405694
Stocks,NNext_ASHOKLEY,XGBoost,0.5483870967741935,0.04915754602435469,0.5088967971530249
Stocks,NNext_AUROPHARMA,LogisticRegression,0.5,0.0840499881542486,0.5516014234875445
Stocks,NNext_BANDHANBNK,LightGBM,0.5075268817204301,0.049462365591397855,0.5160142348754448
Stocks,NNext_BANKBARODA,RandomForest,0.5333333333333333,0.07831028583240054,0.501779359430605
Stocks,NNext_BEL,LogisticRegression,0.4688172043010752,0.11736695825703065,0.6014234875444839
Stocks,NNext_BERGEPAINT,XGBoost,0.5473118279569893,0.09370275238294343,0.6014234875444839
Stocks,NNext_BHEL,LogisticRegression,0.5139784946236559,0.1366310876422411,0.5124555160142349
Stocks,NNext_BIOCON,LogisticRegression,0.4989247311827957,0.0844205867801743,0.597864768683274
Stocks,NNext_BOSCHLTD,LightGBM,0.5408602150537634,0.07817729345932704,0.5693950177935944
Stocks,NNext_CANBK,LogisticRegression,0.4440860215053764,0.07360684339838636,0.5124555160142349
Stocks,NNext_CHOLAFIN,RandomForest,0.489247311827957,0.04511005798581299,0.5516014234875445
Stocks,NNext_COLPAL,LogisticRegression,0.5096774193548387,0.14701720793443096,0.4234875444839858
Stocks,NNext_CONCOR,XGBoost,0.5129032258064516,0.09669052536071544,0.5907473309608541
Stocks,NNext_DABUR,RandomForest,0.5838709677419354,0.060118970961266074,0.5088967971530249
Stocks,NNext_DALBHARAT,RandomForest,0.4827956989247312,0.04629903256260426,0.5622775800711743
Stocks,NNext_DLF,LogisticRegression,0.4623655913978494,0.07449680892769364,0.5551601423487544
Stocks,NNext_ESCORTS,LightGBM,0.5279569892473118,0.09691745668166668,0.5871886120996441
Stocks,NNext_EXIDEIND,LightGBM,0.4741935483870967,0.0910746975391815,0.597864768683274
Stocks,NNext_GAIL,CatBoost,0.510752688172043,0.08024992755718402,0.6441281138790036
Stocks,NNext_GODREJCP,CatBoost,0.4838709677419355,0.06054059466778171,0.5444839857651246
Stocks,NNext_GODREJPROP,LightGBM,0.4924731182795699,0.07265826196355336,0.6227758007117438
Stocks,NNext_HAL,RandomForest,0.4774193548387097,0.07192254412125006,0.6619217081850534
Stocks,NNext_HAVELLS,XGBoost,0.4870967741935484,0.06528219026520662,0.608540925266904
Stocks,NNext_IOC,CatBoost,0.5043010752688172,0.09202190492617061,0.5622775800711743
Stocks,NNext_JINDALSTEL,XGBoost,0.4881720430107527,0.06614432902894492,0.5836298932384342
Stocks,NNext_JUBLFOOD,RandomForest,0.4139784946236559,0.04164498221728404,0.5302491103202847
Stocks,NNext_LICHSGFIN,CatBoost,0.510752688172043,0.07981653144041134,0.5480427046263345
Stocks,NNext_LTTS,XGBoost,0.4666666666666667,0.10134943370278005,0.501779359430605
Stocks,NNext_MCDOWELL-N,CatBoost,0.5193548387096774,0.058263299716748665,0.505338078291815
Stocks,NNext_MUTHOOTFIN,LogisticRegression,0.4881720430107527,0.12954200386964304,0.4875444839857651
Stocks,NNext_NAUKRI,LogisticRegression,0.5043010752688172,0.08142277426943033,0.49110320284697506
Stocks,NNext_NMDC,CatBoost,0.5032258064516129,0.06990074392750541,0.594306049822064
Stocks,NNext_PAGEIND,RandomForest,0.4989247311827957,0.07506885882024543,0.6619217081850534
Stocks,NNext_PIDILITIND,CatBoost,0.4817204301075269,0.06116758130463608,0.6548042704626335
Stocks,NNext_PIIND,LogisticRegression,0.4602150537634409,0.08765914289113469,0.4377224199288256
Stocks,NNext_SBICARD,LogisticRegression,0.4849462365591398,0.02791560211988638,0.5444839857651246
Stocks,NNext_SIEMENS,XGBoost,0.4774193548387097,0.09221017881513269,0.5266903914590747
Stocks,NNext_SRF,LogisticRegression,0.5129032258064516,0.04544203571852783,0.5587188612099644
Stocks,NNext_SUNTV,CatBoost,0.4774193548387097,0.0712766168566733,0.5658362989323843
Stocks,NNext_TATAPOWER,CatBoost,0.4849462365591398,0.06778459145150317,0.5658362989323843
Stocks,NNext_TORNTPHARM,LogisticRegression,0.4053763440860215,0.08086707818048675,0.45907473309608543
Stocks,NNext_UBL,XGBoost,0.5365591397849462,0.04346533963743599,0.40213523131672596
Stocks,NNext_UPL,XGBoost,0.575268817204301,0.07776208486780448,0.5338078291814946
Stocks,NNext_VEDL,RandomForest,0.5118279569892473,0.06301111967304779,0.4626334519572954
Stocks,NNext_VOLTAS,LogisticRegression,0.4387096774193548,0.06330402593348398,0.5266903914590747
Stocks,NNext_ZEEL,LogisticRegression,0.5258064516129032,0.06019584947216518,0.5800711743772242
Stocks,NNext_ZYDUSLIFE,CatBoost,0.4763440860215054,0.03376412573786576,0.5587188612099644
Stocks,NSmallcap_AARTIDRUGS,XGBoost,0.535483870967742,0.04531463979721611,0.6120996441281139
Stocks,NSmallcap_ABAN,XGBoost,0.532258064516129,0.055143575935303606,0.501779359430605
Stocks,NSmallcap_ACCELYA,CatBoost,0.5064516129032258,0.04043353909024338,0.5160142348754448
Stocks,NSmallcap_ADVENZYMES,RandomForest,0.5483870967741935,0.07324467254161893,0.5622775800711743
Stocks,NSmallcap_AEGISCHEM,RandomForest,0.4688172043010753,0.08510261908563173,0.6120996441281139
Stocks,NSmallcap_AGROPHOS,XGBoost,0.5946236559139785,0.06965219243312537,0.6156583629893239
Stocks,NSmallcap_AHLUCONT,CatBoost,0.5182795698924731,0.029759897856124852,0.5907473309608541
Stocks,NSmallcap_AJANTPHARM,XGBoost,0.5268817204301075,0.053547955260166605,0.6227758007117438
Stocks,NSmallcap_AKZOINDIA,LightGBM,0.4763440860215054,0.042278716669543,0.5642857142857143
Stocks,NSmallcap_ALLCARGO,CatBoost,0.4645161290322581,0.05414915403016848,0.5480427046263345
Stocks,NSmallcap_AMARAJABAT,RandomForest,0.4924731182795699,0.07104915499648083,0.6178571428571429
Stocks,NSmallcap_AMBER,LogisticRegression,0.4903225806451613,0.0887601681010277,0.5266903914590747
Stocks,NSmallcap_ANANDRATHI,LogisticRegression,0.5607843137254902,0.07433760631693036,0.5887445887445888
Stocks,NSmallcap_ANGELONE,LogisticRegression,0.4161290322580645,0.07031304397536264,0.5907473309608541
Stocks,NSmallcap_ANURAS,LogisticRegression,0.44692737430167595,0.08164838393941948,0.5650557620817844
Stocks,NSmallcap_APTUS,LightGBM,0.5231707317073171,0.05979341791283541,0.46558704453441296
Stocks,NSmallcap_ARVINDFASN,XGBoost,0.510752688172043,0.052125589864691714,0.604982206405694
Stocks,NSmallcap_ASAHIINDIA,LightGBM,0.5419354838709678,0.0904377146379109,0.5195729537366548
Stocks,NSmallcap_ASHIANA,RandomForest,0.4752688172043011,0.06771632900573674,0.6583629893238434
Stocks,NSmallcap_ASTRAZEN,LightGBM,0.5064516129032258,0.07926416126443919,0.5658362989323843
Stocks,NSmallcap_ATGL,LogisticRegression,0.4806451612903226,0.07993233350557334,0.5729537366548043
Stocks,NSmallcap_AVANTIFEED,RandomForest,0.4709677419354839,0.05756455404010396,0.5907473309608541
Stocks,NSmallcap_BALAMINES,CatBoost,0.4903225806451613,0.07823642909067202,0.5658362989323843
Stocks,NSmallcap_BALMLAWRIE,CatBoost,0.4881720430107527,0.06410261746575864,0.5551601423487544
Stocks,NSmallcap_BARBEQUE,RandomForest,0.5794871794871794,0.09016385114111405,0.4340425531914894
Stocks,NSmallcap_BASF,RandomForest,0.4483870967741935,0.0861289651376378,0.5302491103202847
Stocks,NSmallcap_BAYERCROP,RandomForest,0.5311827956989247,0.039566386006395914,0.5195729537366548
Stocks,NSmallcap_BEML,CatBoost,0.4956989247311828,0.08085277934239768,0.6120996441281139
Stocks,NSmallcap_BFUTILITIE,LightGBM,0.5354838709677419,0.0977608011413394,0.5480427046263345
Stocks,NSmallcap_BIKAJI,CatBoost,0.5173553719008265,0.07197203655232146,0.5737704918032787
Stocks,NSmallcap_BIRLACORPN,RandomForest,0.4763440860215054,0.11683378348469403,0.6120996441281139
Stocks,NSmallcap_BLS,RandomForest,0.4526881720430108,0.03985753331795837,0.46619217081850534
Stocks,NSmallcap_BLUESTARCO,LightGBM,0.4774193548387097,0.07095144811321985,0.5587188612099644
Stocks,NSmallcap_BOROLTD,CatBoost,0.521505376344086,0.05365580623602001,0.4626334519572954
Stocks,NSmallcap_CAMPUS,CatBoost,0.52,0.04659858980085738,0.5333333333333333
Stocks,NSmallcap_CANTABIL,LogisticRegression,0.5021505376344086,0.10328179485213437,0.5907473309608541
Stocks,NSmallcap_CAPLIPOINT,XGBoost,0.4806451612903226,0.08719627928048729,0.5195729537366548
Stocks,NSmallcap_CARBORUNIV,LogisticRegression,0.5021505376344086,0.08831616859518741,0.5480427046263345
Stocks,NSmallcap_CARERATING,LogisticRegression,0.510752688172043,0.05840204565161407,0.6298932384341637
Stocks,NSmallcap_CARTRADE,RandomForest,0.5024390243902439,0.047482737399833636,0.4314516129032258
Stocks,NSmallcap_CASTROLIND,RandomForest,0.4602150537634409,0.051858733556075245,0.5516014234875445
Stocks,NSmallcap_CEATLTD,RandomForest,0.489247311827957,0.048327322697299425,0.5480427046263345
Stocks,NSmallcap_CENTENKA,XGBoost,0.5096774193548387,0.06701262989627048,0.5658362989323843
Stocks,NSmallcap_CEREBRAINT,XGBoost,0.5741935483870968,0.0788253454112312,0.6583629893238434
Stocks,NSmallcap_CHEMCON,LogisticRegression,0.5387096774193548,0.034576204711426944,0.597864768683274
Stocks,NSmallcap_CHEVIOT,XGBoost,0.5279411764705882,0.03366330335958704,0.5784313725490197
Stocks,NSmallcap_CONFIPET,LogisticRegression,0.4526881720430108,0.07111421833886646,0.608540925266904
Stocks,NSmallcap_CONTROLPR,LightGBM,0.4623655913978495,0.06158202607860795,0.5871886120996441
Stocks,NSmallcap_COSMOFILM,RandomForest,0.5193548387096774,0.11110186110184507,0.604982206405694
Stocks,NSmallcap_CRAFTSMAN,LogisticRegression,0.4786516853932584,0.07892408687117276,0.5427509293680297
Stocks,NSmallcap_CREDITACC,LogisticRegression,0.478494623655914,0.08912415391441764,0.5516014234875445
Stocks,NSmallcap_CSBBANK,LogisticRegression,0.4935483870967742,0.0768948781883059,0.5729537366548043
Stocks,NSmallcap_CYIENT,XGBoost,0.4408602150537635,0.09539034458587904,0.501779359430605
Stocks,NSmallcap_DALBHARAT,RandomForest,0.4838709677419355,0.04784644185223007,0.5622775800711743
Stocks,NSmallcap_DATAMATICS,LogisticRegression,0.4946236559139785,0.05179180463996687,0.5907473309608541
Stocks,NSmallcap_DBCORP,XGBoost,0.45913978494623653,0.08646391609881558,0.6227758007117438
Stocks,NSmallcap_DCB,LogisticRegression,0.5161290322580645,0.03134920373572744,0.5765124555160143
Stocks,NSmallcap_DCMSHRIRAM,LogisticRegression,0.5279569892473118,0.03684267032045551,0.6156583629893239
Stocks,NSmallcap_DELCYCLES,LightGBM,0.4731182795698925,0.06460567262709593,0.4714285714285714
Stocks,NSmallcap_DELTACORP,XGBoost,0.4505376344086021,0.06666666666666665,0.5907473309608541
Stocks,NSmallcap_DEVYANI,CatBoost,0.5951515151515151,0.050619667921990553,0.4435483870967742
Stocks,NSmallcap_DMCC,LogisticRegression,0.5354838709677419,0.05272984965600657,0.630901287553648
Stocks,NSmallcap_DODLA,RandomForest,0.5458823529411765,0.03377105904566428,0.5725490196078431
Stocks,NSmallcap_DOMS,LogisticRegression,0.49397590361445787,0.1437728567727836,0.47619047619047616
Stocks,NSmallcap_DPWWORLD,CatBoost,0.4505376344086021,0.06105406265195004,0.44483985765124556
Stocks,NSmallcap_DRREDDY,LightGBM,0.5247311827956989,0.07392033222493424,0.6441281138790036
Stocks,NSmallcap_EASEMYTRIP,LogisticRegression,0.4748603351955308,0.09643953352867078,0.5555555555555556
Stocks,NSmallcap_EIDPARRY,LogisticRegression,0.5483870967741935,0.0866242325209584,0.5622775800711743
Stocks,NSmallcap_EIMCOELECO,RandomForest,0.4903225806451613,0.08400870961128865,0.604982206405694
Stocks,NSmallcap_EMKAY,XGBoost,0.5129032258064516,0.08726255296891819,0.5729537366548043
Stocks,NSmallcap_EPIGRAL,XGBoost,0.5648484848484848,0.0760261904512326,0.5120967741935484
Stocks,NSmallcap_EQUITASBNK,XGBoost,0.4774193548387097,0.06133746536323294,0.5658362989323843
Stocks,NSmallcap_ESABINDIA,RandomForest,0.510752688172043,0.08259296503084526,0.5160142348754448
Stocks,NSmallcap_ESTER,LightGBM,0.5193548387096774,0.0769850422351344,0.7117437722419929
Stocks,NSmallcap_ETHOSLTD,LogisticRegression,0.45652173913043487,0.07668844379897365,0.6280193236714976
Stocks,NSmallcap_EUROBONDS,XGBoost,0.519205298013245,0.037602833288949374,0.5877192982456141
Stocks,NSmallcap_EXICOM,LogisticRegression,0.4184210526315789,0.09318911162960934,0.5739130434782609
Stocks,NSmallcap_FINEORG,CatBoost,0.5333333333333333,0.10477113896354226,0.5800711743772242
Stocks,NSmallcap_FINPIPE,RandomForest,0.4688172043010753,0.042930031779950806,0.5160142348754448
Stocks,NSmallcap_FLEX,LightGBM,0.4741935483870968,0.060195849472165164,0.6227758007117438
Stocks,NSmallcap_FORCEMOT,LogisticRegression,0.44581005586592176,0.07321633486214917,0.5576208178438662
Stocks,NSmallcap_GABRIEL,CatBoost,0.5032258064516129,0.05634654841537163,0.6120996441281139
Stocks,NSmallcap_GANDHAR,XGBoost,0.5552941176470588,0.15073522238161852,0.5271317829457365
Stocks,NSmallcap_GARFIBRES,LogisticRegression,0.5720430107526882,0.03944932543622397,0.5195729537366548
Stocks,NSmallcap_GHCL,LightGBM,0.5,0.05820373592569616,0.6014234875444839
Stocks,NSmallcap_GICRE,XGBoost,0.5258064516129032,0.1221459941605413,0.5444839857651246
Stocks,NSmallcap_GLENMARK,XGBoost,0.4505376344086022,0.06640601142642798,0.5409252669039146
Stocks,NSmallcap_GMR,LightGBM,0.4817204301075269,0.05141089500164266,0.5729537366548043
Stocks,NSmallcap_GODFRYPHLP,RandomForest,0.4817204301075269,0.09159371801740582,0.5729537366548043
Stocks,NSmallcap_GOKEX,LightGBM,0.4978494623655914,0.09475796919083133,0.5729537366548043
Stocks,NSmallcap_GOLDBEES,LogisticRegression,0.47526881720430103,0.13760080234878616,0.5800711743772242
Stocks,NSmallcap_GOLDIAM,XGBoost,0.5290322580645161,0.07500722592083996,0.5409252669039146
Stocks,NSmallcap_GREENPANEL,CatBoost,0.4989247311827957,0.10641359155903662,0.4875444839857651
Stocks,NSmallcap_GRINDWELL,LogisticRegression,0.4827956989247312,0.055913978494623665,0.5516014234875445
Stocks,NSmallcap_GRSE,LogisticRegression,0.575268817204301,0.05740364651629736,0.6654804270462633
